,movie_name,movie_rating,movie_genre,movie_director,movie_actor,movie_genre_split,movie_director_split,movie_actor_split
0,태극기 휘날리며,9.1,['전쟁'],강제규,"['장동건', '원빈']",전쟁,강제규,장동건 원빈
1,트로이,8.4,"['액션', '로맨스', '멜로']",볼프강 페터슨,"['브래드 피트', '올랜도 블룸']",액션 로맨스 멜로,볼프강페터슨,브래드피트 올랜도블룸
2,내 머리 속의 지우개,8.7,"['로맨스', '멜로', '드라마']",이재한,"['정우성', '손예진']",로맨스 멜로 드라마,이재한,정우성 손예진
3,귀신이 산다,6.4,"['코미디', '판타지', '공포']",김상진,"['차승원', '장서희']",코미디 판타지 공포,김상진,차승원 장서희
4,투모로우,8.3,"['액션', '스릴러', 'SF', '어드벤처', '드라마']",롤랜드 에머리히,"['데니스 퀘이드', '제이크 질렌할']",액션 스릴러 SF 어드벤처 드라마,롤랜드에머리히,데니스퀘이드 제이크질렌할
5,우리 형,8.3,['드라마'],안권태,"['원빈', '신하균', '김해숙']",드라마,안권태,원빈 신하균 김해숙
6,해리포터와 아즈카반의 죄수,8.4,"['판타지', '어드벤처']",알폰소 쿠아론,"['다니엘 래드클리프', '엠마 왓슨', '루퍼트 그린트']",판타지 어드벤처,알폰소쿠아론,다니엘래드클리프 엠마왓슨 루퍼트그린트
7,슈렉2,7.6,"['코미디', '어드벤처', '애니메이션']",앤드류 아담슨,"['마이크 마이어스', '에디 머피', '카메론 디아즈']",코미디 어드벤처 애니메이션,앤드류아담슨,마이크마이어스 에디머피 카메론디아즈
8,실미도,8.0,"['스릴러', '전쟁']",강우석,"['설경구', '안성기', '허준호', '정재영']",스릴러 전쟁,강우석,설경구 안성기 허준호 정재영
9,스파이더맨 2,8.5,"['액션', '스릴러', 'SF']",샘 레이미,"['토비 맥과이어', '커스틴 던스트']",액션 스릴러 SF,샘레이미,토비맥과이어 커스틴던스트
10,바람의 파이터,7.9,"['액션', '드라마']",양윤호,['양동근'],액션 드라마,양윤호,양동근
11,오페라의 유령,8.6,"['로맨스', '멜로', '뮤지컬']",조엘 슈마허,"['제라드 버틀러', '에미 로섬', '패트릭 윌슨']",로맨스 멜로 뮤지컬,조엘슈마허,제라드버틀러 에미로섬 패트릭윌슨
12,내 여자친구를 소개합니다,7.3,"['코미디', '로맨스', '멜로']",곽재용,"['전지현', '장혁']",코미디 로맨스 멜로,곽재용,전지현 장혁
13,늑대의 유혹,7.7,"['로맨스', '멜로', '액션']",김태균,"['조한선', '강동원', '이청아']",로맨스 멜로 액션,김태균,조한선 강동원 이청아
14,가족,8.0,['드라마'],이정철,"['수애', '주현', '박지빈']",드라마,이정철,수애 주현 박지빈
15,시실리 2km,7.9,"['코미디', '공포']",신정원,"['임창정', '권오중', '임은경', '변희봉']",코미디 공포,신정원,임창정 권오중 임은경 변희봉
16,"아이, 로봇",8.3,"['액션', '미스터리', '스릴러', 'SF']",알렉스 프로야스,['윌 스미스'],액션 미스터리 스릴러 SF,알렉스프로야스,윌스미스
17,S 다이어리,6.2,"['코미디', '로맨스', '멜로']",권종관,['김선아'],코미디 로맨스 멜로,권종관,김선아
18,알포인트,8.4,"['공포', '전쟁']",공수창,['감우성'],공포 전쟁,공수창,감우성
19,주홍글씨,6.0,"['로맨스', '멜로', '스릴러']",변혁,"['한석규', '이은주']",로맨스 멜로 스릴러,변혁,한석규 이은주
20,연인,7.5,['드라마'],장예모,"['유덕화', '금성무', '장쯔이']",드라마,장예모,유덕화 금성무 장쯔이
21,브리짓 존스의 일기2 : 열정과 애정,8.0,"['코미디', '로맨스', '멜로']",비반 키드론,"['르네 젤위거', '휴 그랜트', '콜린 퍼스']",코미디 로맨스 멜로,비반키드론,르네젤위거 휴그랜트 콜린퍼스
22,어린 신부,7.2,"['코미디', '로맨스', '멜로']",김호준,"['김래원', '문근영']",코미디 로맨스 멜로,김호준,김래원 문근영
23,터미널,8.7,"['코미디', '로맨스', '멜로']",스티븐 스필버그,"['톰 행크스', '캐서린 제타 존스']",코미디 로맨스 멜로,스티븐스필버그,톰행크스 캐서린제타존스
24,하울의 움직이는 성,9.1,"['애니메이션', '판타지', '로맨스', '멜로']",미야자키 하야오,"['바이쇼 치에코', '기무라 타쿠야']",애니메이션 판타지 로맨스 멜로,미야자키하야오,바이쇼치에코 기무라타쿠야
25,나비효과,9.1,"['스릴러', '판타지']",에릭 브레스,"['애쉬튼 커처', '멜로라 월터스', '에이미 스마트']",스릴러 판타지,에릭브레스,애쉬튼커처 멜로라월터스 에이미스마트
26,역도산,6.3,['드라마'],송해성,['설경구'],드라마,송해성,설경구
27,범죄의 재구성,8.6,"['범죄', '스릴러']",최동훈,"['박신양', '백윤식', '염정아']",범죄 스릴러,최동훈,박신양 백윤식 염정아
28,반 헬싱,8.0,"['액션', '판타지']",스티븐 소머즈,"['휴 잭맨', '케이트 베킨세일']",액션 판타지,스티븐소머즈,휴잭맨 케이트베킨세일
29,이프 온리,8.8,"['판타지', '로맨스', '멜로', '코미디', '드라마']",길 정거,"['제니퍼 러브 휴이트', '폴 니콜스']",판타지 로맨스 멜로 코미디 드라마,길정거,제니퍼러브휴이트 폴니콜스
30,여선생 VS 여제자,8.2,['코미디'],장규성,"['염정아', '이세영']",코미디,장규성,염정아 이세영
31,패션 오브 크라이스트,8.6,['드라마'],멜 깁슨,['제임스 카비젤'],드라마,멜깁슨,제임스카비젤
32,아라한 장풍대작전,6.9,"['코미디', '액션']",류승완,"['류승범', '윤소이', '안성기']",코미디 액션,류승완,류승범 윤소이 안성기
33,킹 아더,7.8,"['액션', '어드벤처']",안톤 후쿠아,"['클라이브 오웬', '키이라 나이틀리', '스텔란 스카스가드', '스티븐 딜레인']",액션 어드벤처,안톤후쿠아,클라이브오웬 키이라나이틀리 스텔란스카스가드 스티븐딜레인
34,내 남자의 로맨스,7.3,"['코미디', '로맨스', '멜로']",박제현,"['김정은', '김상경']",코미디 로맨스 멜로,박제현,김정은 김상경
35,효자동 이발사,8.1,['드라마'],임찬상,"['송강호', '문소리']",드라마,임찬상,송강호 문소리
36,아는 여자,8.8,"['코미디', '로맨스', '멜로']",장진,"['정재영', '이나영']",코미디 로맨스 멜로,장진,정재영 이나영
37,"달마야, 서울 가자",5.3,['코미디'],육상효,"['신현준', '정진영', '이원종', '이문식']",코미디,육상효,신현준 정진영 이원종 이문식
38,신부수업,6.9,"['코미디', '로맨스', '멜로']",허인무,"['권상우', '하지원']",코미디 로맨스 멜로,허인무,권상우 하지원
39,블레이드 3,7.0,"['액션', '스릴러']",데이빗 S. 고이어,['웨슬리 스나입스'],액션 스릴러,데이빗S.고이어,웨슬리스나입스
40,슈퍼스타 감사용,8.1,['드라마'],김종현,['이범수'],드라마,김종현,이범수
41,인크레더블,8.8,"['애니메이션', '어드벤처', '가족']",브래드 버드,"['크레이그 T. 넬슨', '홀리 헌터', '사무엘 L. 잭슨', '제이슨 리']",애니메이션 어드벤처 가족,브래드버드,크레이그T.넬슨 홀리헌터 사무엘L.잭슨 제이슨리
42,분신사바,7.5,['공포'],안병기,"['김규리', '이세은', '이유리']",공포,안병기,김규리 이세은 이유리
43,말죽거리 잔혹사,7.9,"['로맨스', '멜로', '액션', '드라마']",유하,"['권상우', '이정진', '한가인']",로맨스 멜로 액션 드라마,유하,권상우 이정진 한가인
44,콜래트럴,7.8,"['범죄', '스릴러']",마이클 만,"['톰 크루즈', '제이미 폭스']",범죄 스릴러,마이클만,톰크루즈 제이미폭스
45,투 가이즈,7.7,['코미디'],박헌수,"['박중훈', '차태현']",코미디,박헌수,박중훈 차태현
46,령,6.6,['공포'],김태경,"['김하늘', '류진']",공포,김태경,김하늘 류진
47,돈 텔 파파,6.8,"['코미디', '드라마']",이상훈,"['정웅인', '유승호']",코미디 드라마,이상훈,정웅인 유승호
48,누구나 비밀은 있다,5.5,"['코미디', '로맨스', '멜로']",장현수,"['이병헌', '최지우', '추상미', '김효진']",코미디 로맨스 멜로,장현수,이병헌 최지우 추상미 김효진
49,꽃피는 봄이 오면,8.8,"['로맨스', '멜로', '드라마']",류장하,['최민식'],로맨스 멜로 드라마,류장하,최민식
50,웰컴 투 동막골,9.1,"['코미디', '전쟁', '드라마']",배종,"['정재영', '신하균', '강혜정']",코미디 전쟁 드라마,배종,정재영 신하균 강혜정
51,가문의 위기(가문의 영광2),7.0,['코미디'],정용기,"['신현준', '김원희']",코미디,정용기,신현준 김원희
52,말아톤,8.8,"['가족', '드라마']",정윤철,"['조승우', '김미숙']",가족 드라마,정윤철,조승우 김미숙
53,해리포터와 불의 잔,9.2,"['판타지', '어드벤처']",마이크 뉴웰,"['다니엘 래드클리프', '엠마 왓슨', '루퍼트 그린트']",판타지 어드벤처,마이크뉴웰,다니엘래드클리프 엠마왓슨 루퍼트그린트
54,아일랜드,8.7,"['스릴러', 'SF']",마이클 베이,['이완 맥그리거'],스릴러 SF,마이클베이,이완맥그리거
55,공공의 적 2,6.6,"['드라마', '범죄']",강우석,"['설경구', '정준호']",드라마 범죄,강우석,설경구 정준호
56,친절한 금자씨,7.4,"['스릴러', '드라마']",박찬욱,['이영애'],스릴러 드라마,박찬욱,이영애
57,태풍,7.5,['액션'],곽경택,"['장동건', '이정재', '이미연']",액션,곽경택,장동건 이정재 이미연
58,미스터 & 미세스 스미스,8.5,"['액션', '로맨스', '멜로']",더그 라이만,"['브래드 피트', '안젤리나 졸리']",액션 로맨스 멜로,더그라이만,브래드피트 안젤리나졸리
59,너는 내 운명,8.9,"['로맨스', '멜로']",박진표,"['전도연', '황정민']",로맨스 멜로,박진표,전도연 황정민
60,우주전쟁,6.9,"['액션', 'SF']",스티븐 스필버그,['톰 크루즈'],액션 SF,스티븐스필버그,톰크루즈
61,마파도,6.8,['코미디'],추창민,"['이문식', '이정진']",코미디,추창민,이문식 이정진
62,내 생애 가장 아름다운 일주일,8.5,"['로맨스', '멜로', '코미디']",민규동,"['주현', '오미희', '천호진', '진태현', '엄정화', '황정민', '김수로', '전혜진', '임창정', '서영희', '윤진서', '정경호']",로맨스 멜로 코미디,민규동,주현 오미희 천호진 진태현 엄정화 황정민 김수로 전혜진 임창정 서영희 윤진서 정경호
63,킹콩,8.7,"['액션', '판타지', '어드벤처']",피터 잭슨,['나오미 왓츠'],액션 판타지 어드벤처,피터잭슨,나오미왓츠
64,박수칠 때 떠나라,8.1,"['코미디', '미스터리', '드라마']",장진,"['차승원', '신하균']",코미디 미스터리 드라마,장진,차승원 신하균
65,광식이 동생 광태,7.7,"['코미디', '로맨스', '멜로']",김현석,"['김주혁', '봉태규']",코미디 로맨스 멜로,김현석,김주혁 봉태규
66,혈의 누,7.8,"['범죄', '스릴러', '미스터리']",김대승,['차승원'],범죄 스릴러 미스터리,김대승,차승원
67,댄서의 순정,7.6,"['코미디', '로맨스', '멜로']",박영훈,"['문근영', '박건형']",코미디 로맨스 멜로,박영훈,문근영 박건형
68,콘스탄틴,8.3,"['액션', '판타지']",프란시스 로렌스,['키아누 리브스'],액션 판타지,프란시스로렌스,키아누리브스
69,잠복근무,7.1,"['코미디', '액션']",박광춘,"['김선아', '공유', '남상미']",코미디 액션,박광춘,김선아 공유 남상미
70,연애의 목적,8.0,"['코미디', '로맨스', '멜로']",한재림,"['박해일', '강혜정']",코미디 로맨스 멜로,한재림,박해일 강혜정
71,하울의 움직이는 성,9.1,"['애니메이션', '판타지', '로맨스', '멜로']",미야자키 하야오,"['바이쇼 치에코', '기무라 타쿠야']",애니메이션 판타지 로맨스 멜로,미야자키하야오,바이쇼치에코 기무라타쿠야
72,스타워즈 에피소드3 - 시스의복수,7.9,"['액션', 'SF']",조지 루카스,"['이완 맥그리거', '나탈리 포트만', '헤이든 크리스텐슨']",액션 SF,조지루카스,이완맥그리거 나탈리포트만 헤이든크리스텐슨
73,주먹이 운다(Crying Fist),7.4,['드라마'],류승완,"['최민식', '류승범']",드라마,류승완,최민식 류승범
74,마다가스카,7.6,"['코미디', '가족', '판타지', '어드벤처', '애니메이션']",에릭 다넬,"['벤 스틸러', '크리스 록']",코미디 가족 판타지 어드벤처 애니메이션,에릭다넬,벤스틸러 크리스록
75,야수와 미녀,8.5,"['코미디', '로맨스', '멜로']",이계벽,"['류승범', '신민아']",코미디 로맨스 멜로,이계벽,류승범 신민아
76,간 큰 가족,7.6,"['코미디', '드라마']",조명남,"['감우성', '김수로', '신구']",코미디 드라마,조명남,감우성 김수로 신구
77,찰리와 초콜릿 공장,8.8,"['코미디', '판타지']",팀 버튼,"['조니 뎁', '프레디 하이모어']",코미디 판타지,팀버튼,조니뎁 프레디하이모어
78,작업의 정석,7.1,"['코미디', '로맨스', '멜로']",오기환,"['손예진', '송일국']",코미디 로맨스 멜로,오기환,손예진 송일국
79,킹덤 오브 헤븐,8.6,"['액션', '전쟁']",리들리 스콧,['올랜도 블룸'],액션 전쟁,리들리스콧,올랜도블룸
80,B형 남자친구,4.7,"['코미디', '로맨스', '멜로']",최석원,"['이동건', '한지혜']",코미디 로맨스 멜로,최석원,이동건 한지혜
81,달콤한 인생,8.7,"['액션', '드라마']",김지운,['이병헌'],액션 드라마,김지운,이병헌
82,분홍신,6.7,"['공포', '스릴러']",김용균,"['김혜수', '김성수']",공포 스릴러,김용균,김혜수 김성수
83,알렉산더,7.8,"['액션', '전쟁', '어드벤처']",올리버 스톤,"['콜린 파렐', '안젤리나 졸리', '안소니 홉킨스']",액션 전쟁 어드벤처,올리버스톤,콜린파렐 안젤리나졸리 안소니홉킨스
84,미스터 소크라테스,7.9,"['범죄', '액션']",최진원,['김래원'],범죄 액션,최진원,김래원
85,내셔널 트레져,8.2,"['액션', '미스터리', '스릴러', '어드벤처', '드라마']",존 터틀타웁,['니콜라스 케이지'],액션 미스터리 스릴러 어드벤처 드라마,존터틀타웁,니콜라스케이지
86,연애술사,6.9,"['코미디', '로맨스', '멜로']",천세환,"['박진희', '연정훈']",코미디 로맨스 멜로,천세환,박진희 연정훈
87,파송송 계란탁,7.7,"['코미디', '드라마']",오상훈,"['임창정', '이인성']",코미디 드라마,오상훈,임창정 이인성
88,천군,7.8,"['액션', 'SF', '시대극']",민준기,"['박중훈', '김승우', '황정민', '공효진']",액션 SF 시대극,민준기,박중훈 김승우 황정민 공효진
89,"안녕, 형아",8.1,['드라마'],임태형,"['박지빈', '배종옥', '박원상']",드라마,임태형,박지빈 배종옥 박원상
90,형사 Duelist,7.7,"['액션', '시대극']",이명세,"['하지원', '강동원', '안성기']",액션 시대극,이명세,하지원 강동원 안성기
91,새드무비,8.2,"['로맨스', '멜로', '드라마']",권종관,"['정우성', '임수정', '차태현', '손태영', '염정아', '여진구', '신민아', '이기우']",로맨스 멜로 드라마,권종관,정우성 임수정 차태현 손태영 염정아 여진구 신민아 이기우
92,샤크,7.6,"['코미디', '가족', '애니메이션']",비보 베르즈롱,X,코미디 가족 애니메이션,비보베르즈롱,X
93,그때 그 사람들,8.6,"['코미디', '미스터리']",임상수,"['한석규', '백윤식']",코미디 미스터리,임상수,한석규 백윤식
94,남극일기,5.2,"['미스터리', '공포']",임필성,"['송강호', '유지태']",미스터리 공포,임필성,송강호 유지태
95,배트맨 비긴즈,8.3,"['범죄', '액션']",크리스토퍼 놀란,['크리스찬 베일'],범죄 액션,크리스토퍼놀란,크리스찬베일
96,오로라 공주,8.4,"['스릴러', '드라마']",방은진,"['엄정화', '문성근']",스릴러 드라마,방은진,엄정화 문성근
97,강력 3반,7.8,"['액션', '스릴러', '범죄']",손희창,"['김민준', '허준호']",액션 스릴러 범죄,손희창,김민준 허준호
98,쿵푸 허슬,8.7,"['코미디', '액션']",주성치,['주성치'],코미디 액션,주성치,주성치
99,몽정기2,4.4,['코미디'],정초신,"['이지훈', '강은비', '전혜빈', '박슬기']",코미디,정초신,이지훈 강은비 전혜빈 박슬기
100,괴물,9.0,"['스릴러', '가족', '드라마', 'SF']",봉준호,"['송강호', '박해일', '배두나', '변희봉', '고아성']",스릴러 가족 드라마 SF,봉준호,송강호 박해일 배두나 변희봉 고아성
101,왕의 남자,9.2,"['시대극', '드라마']",이준익,"['감우성', '정진영', '강성연', '이준기']",시대극 드라마,이준익,감우성 정진영 강성연 이준기
102,타짜,8.9,['드라마'],최동훈,"['조승우', '김혜수', '백윤식', '유해진']",드라마,최동훈,조승우 김혜수 백윤식 유해진
103,미션 임파서블 3,8.6,"['액션', '어드벤처']",J.J. 에이브람스,"['톰 크루즈', '필립 세이모어 호프만']",액션 어드벤처,J.J.에이브람스,톰크루즈 필립세이모어호프만
104,투사부일체,5.4,['코미디'],김동원,['정준호'],코미디,김동원,정준호
105,캐리비안의 해적 : 망자의 함,9.2,"['액션', '어드벤처']",고어 버빈스키,"['조니 뎁', '올랜도 블룸', '키이라 나이틀리']",액션 어드벤처,고어버빈스키,조니뎁 올랜도블룸 키이라나이틀리
106,한반도,7.5,"['액션', '드라마']",강우석,"['차인표', '조재현', '안성기', '문성근', '강신일']",액션 드라마,강우석,차인표 조재현 안성기 문성근 강신일
107,미녀는 괴로워,8.9,['코미디'],김용화,"['김아중', '주진모']",코미디,김용화,김아중 주진모
108,다빈치 코드,8.0,"['미스터리', '스릴러']",론 하워드,"['톰 행크스', '오드리 토투']",미스터리 스릴러,론하워드,톰행크스 오드리토투
109,가문의 부활 - 가문의 영광3,4.3,['코미디'],정용기,"['신현준', '김원희', '김수미', '탁재훈']",코미디,정용기,신현준 김원희 김수미 탁재훈
110,우리들의 행복한 시간,9.2,['드라마'],송해성,"['강동원', '이나영']",드라마,송해성,강동원 이나영
111,박물관이 살아있다!,8.3,"['코미디', '어드벤처']",숀 레비,['벤 스틸러'],코미디 어드벤처,숀레비,벤스틸러
112,포세이돈,7.4,"['어드벤처', '드라마']",볼프강 페터슨,"['조쉬 루카스', '에미 로섬']",어드벤처 드라마,볼프강페터슨,조쉬루카스 에미로섬
113,음란서생,7.5,"['코미디', '드라마']",김대우,"['한석규', '이범수', '김민정']",코미디 드라마,김대우,한석규 이범수 김민정
114,"달콤, 살벌한 연인",8.1,"['로맨스', '멜로', '스릴러']",손재곤,"['박용우', '최강희']",로맨스 멜로 스릴러,손재곤,박용우 최강희
115,맨발의 기봉이,8.1,['드라마'],권수경,"['신현준', '김수미']",드라마,권수경,신현준 김수미
116,비열한 거리,8.8,"['액션', '드라마']",유하,['조인성'],액션 드라마,유하,조인성
117,엑스맨 : 최후의 전쟁,8.0,"['액션', 'SF']",브렛 라트너,"['휴 잭맨', '할리 베리', '이안 맥켈런', '패트릭 스튜어트', '팜케 얀센', '켈시 그래머', '제임스 마스던', '레베카 로미즌', '숀 애쉬모어', '비니 존스', '안나 파킨', '아론 스탠포드']",액션 SF,브렛라트너,휴잭맨 할리베리 이안맥켈런 패트릭스튜어트 팜케얀센 켈시그래머 제임스마스던 레베카로미즌 숀애쉬모어 비니존스 안나파킨 아론스탠포드
118,사생결단,8.5,"['범죄', '액션']",최호,"['황정민', '류승범']",범죄 액션,최호,황정민 류승범
119,수퍼맨 리턴즈,7.1,"['액션', 'SF', '어드벤처']",브라이언 싱어,"['브랜든 루스', '케빈 스페이시', '케이트 보스워스']",액션 SF 어드벤처,브라이언싱어,브랜든루스 케빈스페이시 케이트보스워스
120,구세주,7.0,"['코미디', '로맨스', '멜로', '액션']",김정우,"['최성국', '신이']",코미디 로맨스 멜로 액션,김정우,최성국 신이
121,라디오 스타,9.2,['드라마'],이준익,"['박중훈', '안성기']",드라마,이준익,박중훈 안성기
122,청춘만화,7.1,"['코미디', '로맨스', '멜로']",이한,"['권상우', '김하늘']",코미디 로맨스 멜로,이한,권상우 김하늘
123,흡혈형사 나도열,6.6,"['코미디', '액션']",이시명,['김수로'],코미디 액션,이시명,김수로
124,"나니아 연대기-사자,마녀 그리고 옷장",7.5,"['가족', '판타지', '어드벤처']",앤드류 아담슨,"['안나 포플웰', '조지 헨리', '윌리암 모즐리', '스캔다 케인즈']",가족 판타지 어드벤처,앤드류아담슨,안나포플웰 조지헨리 윌리암모즐리 스캔다케인즈
125,거룩한 계보,8.4,['드라마'],장진,"['정재영', '정준호']",드라마,장진,정재영 정준호
126,악마는 프라다를 입는다,8.4,"['코미디', '드라마']",데이비드 프랭클,"['메릴 스트립', '앤 해서웨이']",코미디 드라마,데이비드프랭클,메릴스트립 앤해서웨이
127,해바라기,9.0,['드라마'],강석범,"['김래원', '김해숙']",드라마,강석범,김래원 김해숙
128,각설탕,9.1,['드라마'],이환경,['임수정'],드라마,이환경,임수정
129,킹콩,8.7,"['액션', '판타지', '어드벤처']",피터 잭슨,['나오미 왓츠'],액션 판타지 어드벤처,피터잭슨,나오미왓츠
130,홀리데이,9.0,"['액션', '드라마']",양윤호,"['이성재', '최민수']",액션 드라마,양윤호,이성재 최민수
131,중천,6.4,"['로맨스', '멜로', '액션', '판타지']",조동오,"['정우성', '김태희']",로맨스 멜로 액션 판타지,조동오,정우성 김태희
132,싸움의 기술,7.9,"['코미디', '액션']",신한솔,"['백윤식', '재희']",코미디 액션,신한솔,백윤식 재희
133,몬스터 하우스,7.5,"['코미디', '공포', '어드벤처', '애니메이션']",길 키넌,"['미첼 무소', '샘 러너', '스펜서 로크']",코미디 공포 어드벤처 애니메이션,길키넌,미첼무소 샘러너 스펜서로크
134,짝패,7.3,"['액션', '드라마']",류승완,"['류승완', '정두홍', '이범수']",액션 드라마,류승완,류승완 정두홍 이범수
135,로맨틱 홀리데이,8.5,"['코미디', '로맨스', '멜로']",낸시 마이어스,"['카메론 디아즈', '케이트 윈슬렛', '주드 로', '잭 블랙']",코미디 로맨스 멜로,낸시마이어스,카메론디아즈 케이트윈슬렛 주드로 잭블랙
136,아랑,8.1,['공포'],안상훈,"['송윤아', '이동욱']",공포,안상훈,송윤아 이동욱
137,빨간모자의 진실,7.8,"['코미디', '가족', '애니메이션']",코리 에드워즈,X,코미디 가족 애니메이션,코리에드워즈,X
138,데이지,7.2,"['로맨스', '멜로']",유위강,"['정우성', '전지현', '이성재']",로맨스 멜로,유위강,정우성 전지현 이성재
139,오만과 편견,8.7,"['로맨스', '멜로', '드라마']",조 라이트,"['키이라 나이틀리', '매튜 맥퍼딘']",로맨스 멜로 드라마,조라이트,키이라나이틀리 매튜맥퍼딘
140,게이샤의 추억,6.6,"['로맨스', '멜로', '드라마']",롭 마셜,"['장쯔이', '와타나베 켄']",로맨스 멜로 드라마,롭마셜,장쯔이 와타나베켄
141,헷지,8.6,"['코미디', '어드벤처', '애니메이션']",팀 존슨,"['황정민', '신동엽', '브루스 윌리스', '게리 샌드링']",코미디 어드벤처 애니메이션,팀존슨,황정민 신동엽 브루스윌리스 게리샌드링
142,야수,7.9,"['범죄', '액션']",김성수,"['권상우', '유지태']",범죄 액션,김성수,권상우 유지태
143,마음이...,9.0,['드라마'],박은형,"['유승호', '김향기', '달이']",드라마,박은형,유승호 김향기 달이
144,007 카지노 로얄,7.6,"['액션', '어드벤처']",마틴 캠벨,"['다니엘 크레이그', '에바 그린']",액션 어드벤처,마틴캠벨,다니엘크레이그 에바그린
145,예의없는 것들,7.9,"['코미디', '범죄']",박철희,['신하균'],코미디 범죄,박철희,신하균
146,방과후 옥상,7.3,['코미디'],이석훈,"['봉태규', '진태현', '정윤조', '하석진']",코미디,이석훈,봉태규 진태현 정윤조 하석진
147,일본침몰,3.1,"['어드벤처', '드라마']",히구치 신지,"['쿠사나기 츠요시', '시바사키 코우']",어드벤처 드라마,히구치신지,쿠사나기츠요시 시바사키코우
148,뮌헨,7.2,"['스릴러', '드라마']",스티븐 스필버그,['에릭 바나'],스릴러 드라마,스티븐스필버그,에릭바나
149,무극,6.2,"['액션', '판타지']",첸 카이거,"['장동건', '장백지']",액션 판타지,첸카이거,장동건 장백지
150,디워,8.4,"['SF', '판타지']",심형래,"['제이슨 베어', '아만다 브룩스']",SF 판타지,심형래,제이슨베어 아만다브룩스
151,트랜스포머,9.0,['액션'],마이클 베이,"['샤이아 라보프', '메간 폭스', '조쉬 더하멜']",액션,마이클베이,샤이아라보프 메간폭스 조쉬더하멜
152,화려한 휴가,8.7,['드라마'],김지훈,"['김상경', '안성기', '이요원', '이준기']",드라마,김지훈,김상경 안성기 이요원 이준기
153,스파이더맨 3,7.5,"['액션', '스릴러', 'SF']",샘 레이미,"['토비 맥과이어', '커스틴 던스트']",액션 스릴러 SF,샘레이미,토비맥과이어 커스틴던스트
154,캐리비안의 해적: 세상의 끝에서,8.9,['어드벤처'],고어 버빈스키,"['조니 뎁', '올랜도 블룸', '키이라 나이틀리']",어드벤처,고어버빈스키,조니뎁 올랜도블룸 키이라나이틀리
155,해리 포터와 불사조 기사단,8.2,"['판타지', '어드벤처']",데이빗 예이츠,"['다니엘 래드클리프', '엠마 왓슨', '루퍼트 그린트']",판타지 어드벤처,데이빗예이츠,다니엘래드클리프 엠마왓슨 루퍼트그린트
156,다이 하드 4 : 죽어도 산다,8.6,"['액션', '스릴러']",렌 와이즈먼,"['브루스 윌리스', '저스틴 롱', '매기 큐']",액션 스릴러,렌와이즈먼,브루스윌리스 저스틴롱 매기큐
157,그놈 목소리,7.9,['드라마'],박진표,"['설경구', '김남주']",드라마,박진표,설경구 김남주
158,식객,8.5,['드라마'],전윤수,"['김강우', '임원희', '이하나']",드라마,전윤수,김강우 임원희 이하나
159,300,7.6,"['액션', '전쟁']",잭 스나이더,"['제라드 버틀러', '레나 헤디']",액션 전쟁,잭스나이더,제라드버틀러 레나헤디
160,미녀는 괴로워,8.9,['코미디'],김용화,"['김아중', '주진모']",코미디,김용화,김아중 주진모
161,슈렉3,7.3,"['코미디', '가족', '판타지', '애니메이션']",라만 후이,X,코미디 가족 판타지 애니메이션,라만후이,X
162,1번가의 기적,8.3,"['코미디', '드라마']",윤제균,"['임창정', '하지원']",코미디 드라마,윤제균,임창정 하지원
163,나는 전설이다,7.3,"['스릴러', '공포', 'SF']",프란시스 로렌스,['윌 스미스'],스릴러 공포 SF,프란시스로렌스,윌스미스
164,황금 나침반,6.2,"['판타지', '어드벤처']",크리스 웨이츠,"['니콜 키드먼', '다니엘 크레이그', '다코타 블루 리차드']",판타지 어드벤처,크리스웨이츠,니콜키드먼 다니엘크레이그 다코타블루리차드
165,바르게 살자,8.5,['코미디'],라희찬,"['정재영', '손병호']",코미디,라희찬,정재영 손병호
166,극락도 살인사건,7.3,"['미스터리', '스릴러']",김한민,"['박해일', '성지루', '박솔미']",미스터리 스릴러,김한민,박해일 성지루 박솔미
167,세븐 데이즈,9.2,"['범죄', '스릴러']",원신연,"['김윤진', '김미숙', '박희순']",범죄 스릴러,원신연,김윤진 김미숙 박희순
168,사랑,7.4,"['액션', '드라마']",곽경택,"['주진모', '박시연', '주현']",액션 드라마,곽경택,주진모 박시연 주현
169,본 얼티메이텀,9.1,['액션'],폴 그린그래스,['맷 데이먼'],액션,폴그린그래스,맷데이먼
170,어거스트 러쉬,8.8,['드라마'],커스틴 쉐리단,"['프레디 하이모어', '조나단 리스 마이어스', '케리 러셀', '로빈 윌리엄스']",드라마,커스틴쉐리단,프레디하이모어 조나단리스마이어스 케리러셀 로빈윌리엄스
171,박물관이 살아있다!,8.3,"['코미디', '어드벤처']",숀 레비,['벤 스틸러'],코미디 어드벤처,숀레비,벤스틸러
172,"색, 계",7.9,"['로맨스', '멜로']",이안,"['양조위', '탕웨이']",로맨스 멜로,이안,양조위 탕웨이
173,바람피기 좋은 날,6.9,"['코미디', '드라마']",장문일,"['김혜수', '윤진서', '이종혁', '이민기']",코미디 드라마,장문일,김혜수 윤진서 이종혁 이민기
174,색즉시공 시즌2,7.6,['코미디'],윤태윤,"['임창정', '송지효']",코미디,윤태윤,임창정 송지효
175,밀양,8.0,"['로맨스', '멜로', '드라마']",이창동,"['송강호', '전도연']",로맨스 멜로 드라마,이창동,송강호 전도연
176,권순분여사 납치사건,8.1,['코미디'],김상진,"['나문희', '강성진', '유해진', '유건']",코미디,김상진,나문희 강성진 유해진 유건
177,복면달호,8.2,['코미디'],김상찬,"['차태현', '임채무', '이소연']",코미디,김상찬,차태현 임채무 이소연
178,마파도2,6.7,"['코미디', '드라마']",이상훈,"['이문식', '여운계', '김지영', '김을동', '김형자', '길해연', '이규한']",코미디 드라마,이상훈,이문식 여운계 김지영 김을동 김형자 길해연 이규한
179,오션스 써틴,7.4,"['코미디', '범죄', '스릴러']",스티븐 소더버그,"['조지 클루니', '브래드 피트']",코미디 범죄 스릴러,스티븐소더버그,조지클루니 브래드피트
180,궁녀,6.3,"['미스터리', '시대극']",김미정,['박진희'],미스터리 시대극,김미정,박진희
181,검은 집,6.7,['스릴러'],신태라,"['황정민', '강신일', '유선']",스릴러,신태라,황정민 강신일 유선
182,허브,9.1,['드라마'],허인무,"['배종옥', '강혜정', '정경호']",드라마,허인무,배종옥 강혜정 정경호
183,만남의 광장,5.8,['코미디'],김종진,"['임창정', '박진희']",코미디,김종진,임창정 박진희
184,즐거운 인생,9.1,['드라마'],이준익,"['정진영', '김윤석', '김상호', '장근석']",드라마,이준익,정진영 김윤석 김상호 장근석
185,내셔널 트레져:비밀의 책,8.0,"['액션', '어드벤처']",존 터틀타웁,"['니콜라스 케이지', '다이앤 크루거', '저스틴 바사']",액션 어드벤처,존터틀타웁,니콜라스케이지 다이앤크루거 저스틴바사
186,황진이,6.6,['드라마'],장윤현,"['송혜교', '유지태', '류승룡']",드라마,장윤현,송혜교 유지태 류승룡
187,최강로맨스,8.4,"['코미디', '로맨스', '멜로']",김정우,"['이동욱', '현영']",코미디 로맨스 멜로,김정우,이동욱 현영
188,못말리는 결혼,7.3,"['코미디', '가족']",김성욱,"['김수미', '임채무', '유진', '하석진', '안연홍']",코미디 가족,김성욱,김수미 임채무 유진 하석진 안연홍
189,이장과 군수,7.0,['코미디'],장규성,"['차승원', '유해진']",코미디,장규성,차승원 유해진
190,행복,7.8,"['로맨스', '멜로']",허진호,"['황정민', '임수정']",로맨스 멜로,허진호,황정민 임수정
191,그 여자 작사 그 남자 작곡,8.4,"['로맨스', '멜로', '코미디']",마크 로렌스,"['휴 그랜트', '드류 베리모어']",로맨스 멜로 코미디,마크로렌스,휴그랜트 드류베리모어
192,지금 사랑하는 사람과 살고 있습니까?,7.1,['드라마'],정윤수,"['엄정화', '박용우', '이동건', '한채영']",드라마,정윤수,엄정화 박용우 이동건 한채영
193,라따뚜이,8.8,"['코미디', '가족', '애니메이션']",브래드 버드,X,코미디 가족 애니메이션,브래드버드,X
194,베오울프,6.0,"['애니메이션', '판타지', '액션']",로버트 저메키스,"['레이 윈스턴', '안소니 홉킨스', '존 말코비치', '로빈 라이트', '안젤리나 졸리']",애니메이션 판타지 액션,로버트저메키스,레이윈스턴 안소니홉킨스 존말코비치 로빈라이트 안젤리나졸리
195,향수 : 어느 살인자의 이야기,8.0,"['스릴러', '드라마']",톰 티크베어,"['벤 위쇼', '더스틴 호프만', '알란 릭맨', '레이첼 허드 우드']",스릴러 드라마,톰티크베어,벤위쇼 더스틴호프만 알란릭맨 레이첼허드우드
196,우아한 세계,8.0,['드라마'],한재림,['송강호'],드라마,한재림,송강호
197,김관장 대 김관장 대 김관장,4.9,['코미디'],박성균,"['신현준', '최성국', '권오중']",코미디,박성균,신현준 최성국 권오중
198,에라곤,7.2,"['판타지', '어드벤처']",스티펜 팡마이어,"['에드워드 스펠리어스', '제레미 아이언스', '시에나 길로리']",판타지 어드벤처,스티펜팡마이어,에드워드스펠리어스 제레미아이언스 시에나길로리
199,마이 파더,8.6,['드라마'],황동혁,"['김영철', '다니엘 헤니']",드라마,황동혁,김영철 다니엘헤니
200,"좋은 놈, 나쁜 놈, 이상한 놈 ",7.9,['서부'],김지운,"['송강호', '이병헌', '정우성']",서부,김지운,송강호 이병헌 정우성
201,추격자,9.1,['범죄'],나홍진,"['김윤석', '하정우']",범죄,나홍진,김윤석 하정우
202,쿵푸 팬더,8.7,"['애니메이션', '액션', '코미디']",마크 오스본,"['엄상현', '김기현', '잭 블랙', '더스틴 호프만']",애니메이션 액션 코미디,마크오스본,엄상현 김기현 잭블랙 더스틴호프만
203,맘마미아!,8.6,"['로맨스', '멜로', '뮤지컬']",필리다 로이드,"['메릴 스트립', '아만다 사이프리드', '콜린 퍼스', '피어스 브로스넌']",로맨스 멜로 뮤지컬,필리다로이드,메릴스트립 아만다사이프리드 콜린퍼스 피어스브로스넌
204,과속스캔들,9.3,"['코미디', '드라마']",강형철,"['차태현', '박보영', '왕석현']",코미디 드라마,강형철,차태현 박보영 왕석현
205,강철중: 공공의 적 1-1,8.3,"['범죄', '스릴러']",강우석,"['설경구', '정재영']",범죄 스릴러,강우석,설경구 정재영
206,아이언맨,8.4,"['액션', 'SF']",존 파브로,"['로버트 다우니 주니어', '기네스 팰트로', '테렌스 하워드', '제프 브리지스']",액션 SF,존파브로,로버트다우니주니어 기네스팰트로 테렌스하워드 제프브리지스
207,인디아나 존스 4 : 크리스탈 해골의 왕국,7.8,"['액션', '어드벤처']",스티븐 스필버그,"['해리슨 포드', '샤이아 라보프', '케이트 블란쳇']",액션 어드벤처,스티븐스필버그,해리슨포드 샤이아라보프 케이트블란쳇
208,미이라 3:황제의 무덤,5.1,"['액션', '어드벤처']",롭 코헨,"['브렌든 프레이저', '이연걸', '마리아 벨로', '양자경']",액션 어드벤처,롭코헨,브렌든프레이저 이연걸 마리아벨로 양자경
209,다크 나이트,9.0,"['범죄', '드라마', '액션', '미스터리']",크리스토퍼 놀란,"['크리스찬 베일', '히스 레저', '아론 에크하트']",범죄 드라마 액션 미스터리,크리스토퍼놀란,크리스찬베일 히스레저 아론에크하트
210,우리 생애 최고의 순간,8.6,['드라마'],임순례,"['문소리', '김정은', '엄태웅', '김지영', '조은지', '차민지']",드라마,임순례,문소리 김정은 엄태웅 김지영 조은지 차민지
211,신기전,8.5,"['액션', '시대극', '드라마']",김유진,"['정재영', '한다감', '허준호']",액션 시대극 드라마,김유진,정재영 한다감 허준호
212,원티드,8.0,['액션'],티무르 베크맘베토브,"['제임스 맥어보이', '안젤리나 졸리']",액션,티무르베크맘베토브,제임스맥어보이 안젤리나졸리
213,핸콕,6.9,['액션'],피터 버그,"['윌 스미스', '샤를리즈 테론']",액션,피터버그,윌스미스 샤를리즈테론
214,테이큰,8.9,"['범죄', '액션', '스릴러']",피에르 모렐,"['리암 니슨', '매기 그레이스']",범죄 액션 스릴러,피에르모렐,리암니슨 매기그레이스
215,미인도,6.2,['드라마'],전윤수,"['김규리', '김영호', '김남길', '추자현']",드라마,전윤수,김규리 김영호 김남길 추자현
216,이글 아이,7.5,"['액션', '스릴러']",D. J. 카루소,"['샤이아 라보프', '미셸 모나한']",액션 스릴러,D.J.카루소,샤이아라보프 미셸모나한
217,007 퀀텀 오브 솔러스,7.2,"['액션', '어드벤처']",마크 포스터,"['다니엘 크레이그', '올가 쿠릴렌코', '마티유 아말릭']",액션 어드벤처,마크포스터,다니엘크레이그 올가쿠릴렌코 마티유아말릭
218,눈에는 눈 이에는 이,8.1,['액션'],곽경택,"['한석규', '차승원']",액션,곽경택,한석규 차승원
219,아내가 결혼했다,6.9,['드라마'],정윤수,"['손예진', '김주혁', '주상욱']",드라마,정윤수,손예진 김주혁 주상욱
220,님은 먼 곳에,7.9,"['전쟁', '드라마']",이준익,"['수애', '정진영', '정경호']",전쟁 드라마,이준익,수애 정진영 정경호
221,점퍼,6.6,"['액션', '어드벤처']",더그 라이만,"['헤이든 크리스텐슨', '제이미 벨', '레이첼 빌슨', '사무엘 L. 잭슨']",액션 어드벤처,더그라이만,헤이든크리스텐슨 제이미벨 레이첼빌슨 사무엘L.잭슨
222,고死 : 피의 중간고사,6.8,"['스릴러', '공포']",창,"['이범수', '윤정희', '남규리', '김범']",스릴러 공포,창,이범수 윤정희 남규리 김범
223,무방비도시,7.8,"['범죄', '액션']",이상기,"['김명민', '손예진']",범죄 액션,이상기,김명민 손예진
224,적벽대전:거대한 전쟁의 시작,6.1,"['액션', '전쟁']",오우삼,"['양조위', '금성무', '장첸', '린즈링']",액션 전쟁,오우삼,양조위 금성무 장첸 린즈링
225,원스어폰어타임,8.2,"['코미디', '액션']",정용기,"['박용우', '이보영']",코미디 액션,정용기,박용우 이보영
226,더 게임,7.4,['스릴러'],윤인호,"['신하균', '변희봉', '이혜영', '손현주', '이은성']",스릴러,윤인호,신하균 변희봉 이혜영 손현주 이은성
227,나니아 연대기:캐스피언 왕자,8.3,"['어드벤처', '판타지', '가족']",앤드류 아담슨,"['벤 반스', '조지 헨리']",어드벤처 판타지 가족,앤드류아담슨,벤반스 조지헨리
228,월ㆍE,9.3,"['애니메이션', '어드벤처', '가족', 'SF']",앤드류 스탠튼,"['벤 버트', '엘리사 나이트']",애니메이션 어드벤처 가족 SF,앤드류스탠튼,벤버트 엘리사나이트
229,영화는 영화다,8.9,"['액션', '드라마']",장훈,"['소지섭', '강지환']",액션 드라마,장훈,소지섭 강지환
230,지구가 멈추는 날,4.1,['SF'],스콧 데릭슨,"['키아누 리브스', '제니퍼 코넬리']",SF,스콧데릭슨,키아누리브스 제니퍼코넬리
231,트와일라잇,7.8,"['판타지', '로맨스', '멜로', '액션']",캐서린 하드윅,"['크리스틴 스튜어트', '로버트 패틴슨']",판타지 로맨스 멜로 액션,캐서린하드윅,크리스틴스튜어트 로버트패틴슨
232,꿀벌대소동,7.9,"['애니메이션', '어드벤처', '코미디', '가족']",스티브 히크너,"['제리 사인필드', '유재석', '르네 젤위거']",애니메이션 어드벤처 코미디 가족,스티브히크너,제리사인필드 유재석 르네젤위거
233,포비든 킹덤: 전설의 마스터를 찾아서,6.8,"['액션', '어드벤처']",롭 민코프,"['성룡', '이연걸', '마이클 안가라노', '유역비']",액션 어드벤처,롭민코프,성룡 이연걸 마이클안가라노 유역비
234,서양 골동 양과자점 앤티크,8.7,"['코미디', '드라마']",민규동,"['주지훈', '김재욱', '유아인', '최지호']",코미디 드라마,민규동,주지훈 김재욱 유아인 최지호
235,"10,000 BC",5.8,['어드벤처'],롤랜드 에머리히,"['스티븐 스트레이트', '카밀라 벨']",어드벤처,롤랜드에머리히,스티븐스트레이트 카밀라벨
236,벼랑 위의 포뇨,7.8,"['가족', '어드벤처', '애니메이션']",미야자키 하야오,"['나라 유리에', '도이 히로키', '야마구치 토모코']",가족 어드벤처 애니메이션,미야자키하야오,나라유리에 도이히로키 야마구치토모코
237,6년째 연애중,7.6,"['로맨스', '멜로']",박현진,"['김하늘', '윤계상']",로맨스 멜로,박현진,김하늘 윤계상
238,잃어버린 세계를 찾아서,7.1,"['액션', '어드벤처']",에릭 브레빅,"['브렌든 프레이저', '조쉬 허처슨', '애니타 브리엠']",액션 어드벤처,에릭브레빅,브렌든프레이저 조쉬허처슨 애니타브리엠
239,섹스 앤 더 시티,8.0,"['코미디', '로맨스', '멜로']",마이클 패트릭 킹,"['사라 제시카 파커', '킴 캐트럴', '신시아 닉슨', '크리스틴 데이비스']",코미디 로맨스 멜로,마이클패트릭킹,사라제시카파커 킴캐트럴 신시아닉슨 크리스틴데이비스
240,스텝업 2 : 더 스트리트,8.3,"['드라마', '로맨스', '멜로']",존 추,"['브리아나 에비건', '로버트 호프먼']",드라마 로맨스 멜로,존추,브리아나에비건 로버트호프먼
241,삼국지:용의 부활,6.8,"['전쟁', '시대극', '무협']",이인항,"['유덕화', '매기 큐', '홍금보']",전쟁 시대극 무협,이인항,유덕화 매기큐 홍금보
242,밴티지 포인트,7.8,"['액션', '스릴러']",피트 트래비스,"['데니스 퀘이드', '매튜 폭스', '포레스트 휘태커', '시고니 위버', '윌리엄 허트']",액션 스릴러,피트트래비스,데니스퀘이드 매튜폭스 포레스트휘태커 시고니위버 윌리엄허트
243,인크레더블 헐크,7.5,"['액션', 'SF', '스릴러']",루이스 리터리어,"['에드워드 노튼', '리브 타일러', '팀 로스']",액션 SF 스릴러,루이스리터리어,에드워드노튼 리브타일러 팀로스
244,바보,8.4,['드라마'],김정권,"['차태현', '하지원']",드라마,김정권,차태현 하지원
245,오스트레일리아,8.0,"['로맨스', '멜로', '어드벤처']",바즈 루어만,"['니콜 키드먼', '휴 잭맨']",로맨스 멜로 어드벤처,바즈루어만,니콜키드먼 휴잭맨
246,GP 506,7.3,['미스터리'],공수창,"['천호진', '조현재', '이영훈']",미스터리,공수창,천호진 조현재 이영훈
247,크로싱,9.2,['드라마'],김태균,"['차인표', '신명철']",드라마,김태균,차인표 신명철
248,숙명,5.1,"['액션', '드라마']",김해곤,"['송승헌', '권상우', '김인권', '박한별']",액션 드라마,김해곤,송승헌 권상우 김인권 박한별
249,예스맨,8.3,"['코미디', '로맨스', '멜로']",페이튼 리드,['짐 캐리'],코미디 로맨스 멜로,페이튼리드,짐캐리
250,해운대,6.9,"['드라마', '어드벤처']",윤제균,"['설경구', '하지원', '박중훈', '엄정화']",드라마 어드벤처,윤제균,설경구 하지원 박중훈 엄정화
251,국가대표,9.4,['드라마'],김용화,"['하정우', '성동일', '김지석', '김동욱', '최재환', '이재응', '이은성']",드라마,김용화,하정우 성동일 김지석 김동욱 최재환 이재응 이은성
252,트랜스포머: 패자의 역습,6.4,"['액션', 'SF', '어드벤처']",마이클 베이,"['샤이아 라보프', '메간 폭스']",액션 SF 어드벤처,마이클베이,샤이아라보프 메간폭스
253,2012,7.1,"['어드벤처', '액션']",롤랜드 에머리히,"['존 쿠삭', '아만다 피트', '치웨텔 에지오포', '탠디 뉴튼', '올리버 플랫']",어드벤처 액션,롤랜드에머리히,존쿠삭 아만다피트 치웨텔에지오포 탠디뉴튼 올리버플랫
254,아바타,9.0,"['액션', '어드벤처', 'SF']",제임스 카메론,"['샘 워싱턴', '조 샐다나', '시고니 위버']",액션 어드벤처 SF,제임스카메론,샘워싱턴 조샐다나 시고니위버
255,터미네이터 : 미래전쟁의 시작,7.8,"['액션', 'SF']",맥지,"['크리스찬 베일', '샘 워싱턴']",액션 SF,맥지,크리스찬베일 샘워싱턴
256,7급 공무원,8.4,"['코미디', '로맨스', '멜로', '액션']",신태라,"['김하늘', '강지환']",코미디 로맨스 멜로 액션,신태라,김하늘 강지환
257,과속스캔들,9.3,"['코미디', '드라마']",강형철,"['차태현', '박보영', '왕석현']",코미디 드라마,강형철,차태현 박보영 왕석현
258,쌍화점,7.2,['시대극'],유하,"['조인성', '주진모', '송지효']",시대극,유하,조인성 주진모 송지효
259,거북이 달린다,8.5,['드라마'],이연우,"['김윤석', '정경호']",드라마,이연우,김윤석 정경호
260,마더,8.1,['드라마'],봉준호,"['김혜자', '원빈']",드라마,봉준호,김혜자 원빈
261,해리 포터와 혼혈 왕자,6.9,"['판타지', '어드벤처']",데이빗 예이츠,"['다니엘 래드클리프', '루퍼트 그린트', '엠마 왓슨']",판타지 어드벤처,데이빗예이츠,다니엘래드클리프 루퍼트그린트 엠마왓슨
262,워낭소리,8.9,['다큐멘터리'],이충렬,"['최원균', '이삼순']",다큐멘터리,이충렬,최원균 이삼순
263,적벽대전 2 : 최후의 결전,6.9,"['액션', '전쟁']",오우삼,"['양조위', '금성무', '장첸', '장풍의', '조미', '린즈링']",액션 전쟁,오우삼,양조위 금성무 장첸 장풍의 조미 린즈링
264,지.아이.조 : 전쟁의 서막,7.8,['액션'],스티븐 소머즈,"['채닝 테이텀', '시에나 밀러', '레이 파크']",액션,스티븐소머즈,채닝테이텀 시에나밀러 레이파크
265,굿모닝 프레지던트,6.9,['코미디'],장진,"['이순재', '장동건', '고두심', '임하룡', '한채영']",코미디,장진,이순재 장동건 고두심 임하룡 한채영
266,전우치,8.1,"['코미디', '액션']",최동훈,"['강동원', '김윤석', '임수정', '유해진']",코미디 액션,최동훈,강동원 김윤석 임수정 유해진
267,박쥐,5.5,"['로맨스', '멜로']",박찬욱,"['송강호', '김옥빈']",로맨스 멜로,박찬욱,송강호 김옥빈
268,내 사랑 내 곁에,7.7,['드라마'],박진표,"['김명민', '하지원']",드라마,박진표,김명민 하지원
269,박물관이 살아있다 2,7.0,"['어드벤처', '코미디', '가족']",숀 레비,"['벤 스틸러', '에이미 아담스']",어드벤처 코미디 가족,숀레비,벤스틸러 에이미아담스
270,뉴 문,6.8,"['판타지', '로맨스', '멜로']",크리스 웨이츠,"['로버트 패틴슨', '크리스틴 스튜어트', '테일러 로트너', '다코타 패닝']",판타지 로맨스 멜로,크리스웨이츠,로버트패틴슨 크리스틴스튜어트 테일러로트너 다코타패닝
271,천사와 악마,8.2,"['액션', '스릴러']",론 하워드,"['톰 행크스', '이완 맥그리거', '아옐렛 지러']",액션 스릴러,론하워드,톰행크스 이완맥그리거 아옐렛지러
272,애자,8.9,['드라마'],정기훈,"['최강희', '김영애']",드라마,정기훈,최강희 김영애
273,그림자 살인,7.3,['스릴러'],박대민,"['황정민', '류덕환', '엄지원']",스릴러,박대민,황정민 류덕환 엄지원
274,작전명 발키리,8.1,"['스릴러', '전쟁']",브라이언 싱어,['톰 크루즈'],스릴러 전쟁,브라이언싱어,톰크루즈
275,차우,7.4,"['액션', '어드벤처']",신정원,"['엄태웅', '정유미', '장항선', '윤제문', '박혁권']",액션 어드벤처,신정원,엄태웅 정유미 장항선 윤제문 박혁권
276,벤자민 버튼의 시간은 거꾸로 간다,8.7,"['로맨스', '멜로', '판타지']",데이빗 핀처,"['브래드 피트', '케이트 블란쳇']",로맨스 멜로 판타지,데이빗핀처,브래드피트 케이트블란쳇
277,불꽃처럼 나비처럼,6.8,"['로맨스', '멜로']",김용균,"['조승우', '수애']",로맨스 멜로,김용균,조승우 수애
278,유감스러운 도시,5.2,"['코미디', '범죄', '액션']",김동원,"['정준호', '정웅인', '정운택', '박상민', '김상중']",코미디 범죄 액션,김동원,정준호 정웅인 정운택 박상민 김상중
279,작전,8.7,"['범죄', '스릴러']",이호재,"['박용하', '김민정', '박희순', '김무열']",범죄 스릴러,이호재,박용하 김민정 박희순 김무열
280,닌자 어쌔신,8.4,"['액션', '범죄', '스릴러']",제임스 맥테이그,"['비', '나오미 해리스']",액션 범죄 스릴러,제임스맥테이그,비 나오미해리스
281,청담보살,6.0,['코미디'],김진영,"['박예진', '임창정']",코미디,김진영,박예진 임창정
282,엑스맨 탄생: 울버린,7.8,"['액션', 'SF']",개빈 후드,['휴 잭맨'],액션 SF,개빈후드,휴잭맨
283,킹콩을 들다,9.4,"['드라마', '코미디']",박건용,"['이범수', '조안']",드라마 코미디,박건용,이범수 조안
284,마다가스카 2,7.9,"['코미디', '애니메이션']",에릭 다넬,"['벤 스틸러', '크리스 록']",코미디 애니메이션,에릭다넬,벤스틸러 크리스록
285,인사동 스캔들,8.3,"['범죄', '액션', '드라마']",박희곤,"['김래원', '엄정화']",범죄 액션 드라마,박희곤,김래원 엄정화
286,셜록 홈즈,8.0,"['액션', '어드벤처']",가이 리치,"['로버트 다우니 주니어', '주드 로', '레이첼 맥아담스']",액션 어드벤처,가이리치,로버트다우니주니어 주드로 레이첼맥아담스
287,슬럼독 밀리어네어,8.9,"['로맨스', '멜로', '드라마', '범죄']",대니 보일,"['데브 파텔', '프리다 핀토', '아닐 카푸르']",로맨스 멜로 드라마 범죄,대니보일,데브파텔 프리다핀토 아닐카푸르
288,스타 트렉: 더 비기닝,8.4,"['액션', 'SF']",J.J. 에이브람스,"['크리스 파인', '재커리 퀸토', '존 조', '조 샐다나', '안톤 옐친', '에릭 바나']",액션 SF,J.J.에이브람스,크리스파인 재커리퀸토 존조 조샐다나 안톤옐친 에릭바나
289,노잉,6.3,"['액션', '스릴러', 'SF']",알렉스 프로야스,"['니콜라스 케이지', '로즈 번']",액션 스릴러 SF,알렉스프로야스,니콜라스케이지 로즈번
290,시크릿,8.0,['스릴러'],윤재구,"['차승원', '송윤아', '류승룡']",스릴러,윤재구,차승원 송윤아 류승룡
291,업,9.1,"['어드벤처', '애니메이션']",피트 닥터,"['이순재', '에드워드 애스너', '크리스토퍼 플러머']",어드벤처 애니메이션,피트닥터,이순재 에드워드애스너 크리스토퍼플러머
292,백야행,8.2,['드라마'],박신우,"['한석규', '손예진', '고수']",드라마,박신우,한석규 손예진 고수
293,트랜스포터-라스트 미션,7.5,"['액션', '스릴러']",올리비에 메가톤,['제이슨 스타뎀'],액션 스릴러,올리비에메가톤,제이슨스타뎀
294,그는 당신에게 반하지 않았다,7.8,['코미디'],켄 콰피스,"['제니퍼 애니스톤', '스칼렛 요한슨', '드류 베리모어', '제니퍼 코넬리', '지니퍼 굿윈', '벤 애플렉', '브래들리 쿠퍼', '저스틴 롱', '케빈 코널리']",코미디,켄콰피스,제니퍼애니스톤 스칼렛요한슨 드류베리모어 제니퍼코넬리 지니퍼굿윈 벤애플렉 브래들리쿠퍼 저스틴롱 케빈코널리
295,아이스 에이지 3: 공룡시대,9.1,"['애니메이션', '어드벤처', '코미디']",카를로스 살다나,"['레이 로마노', '존 레귀자모', '데니스 리어리', '퀸 라티파', '사이먼 페그', '배한성']",애니메이션 어드벤처 코미디,카를로스살다나,레이로마노 존레귀자모 데니스리어리 퀸라티파 사이먼페그 배한성
296,블랙,8.9,['드라마'],산제이 릴라 반살리,"['아미타브 바흐찬', '라니 무커르지']",드라마,산제이릴라반살리,아미타브바흐찬 라니무커르지
297,디스트릭트 9,8.8,"['액션', 'SF', '스릴러']",닐 블롬캠프,['샬토 코플리'],액션 SF 스릴러,닐블롬캠프,샬토코플리
298,마린보이,7.3,['범죄'],윤종석,"['조재현', '김강우', '박시연']",범죄,윤종석,조재현 김강우 박시연
299,모범시민,7.1,"['범죄', '스릴러', '액션', '드라마']",F. 게리 그레이,"['제라드 버틀러', '제이미 폭스']",범죄 스릴러 액션 드라마,F.게리그레이,제라드버틀러 제이미폭스
300,아바타,9.0,"['액션', '어드벤처', 'SF']",제임스 카메론,"['샘 워싱턴', '조 샐다나', '시고니 위버']",액션 어드벤처 SF,제임스카메론,샘워싱턴 조샐다나 시고니위버
301,아저씨,9.2,"['액션', '드라마']",이정범,"['원빈', '김새론']",액션 드라마,이정범,원빈 김새론
302,인셉션,8.7,"['SF', '액션']",크리스토퍼 놀란,"['레오나르도 디카프리오', '조셉 고든 레빗', '마리옹 꼬띠아르', '톰 하디', '엘렌 페이지', '와타나베 켄']",SF 액션,크리스토퍼놀란,레오나르도디카프리오 조셉고든레빗 마리옹꼬띠아르 톰하디 엘렌페이지 와타나베켄
303,의형제,8.7,"['액션', '드라마']",장훈,"['송강호', '강동원']",액션 드라마,장훈,송강호 강동원
304,아이언맨 2,7.3,"['액션', '어드벤처', 'SF']",존 파브로,['로버트 다우니 주니어'],액션 어드벤처 SF,존파브로,로버트다우니주니어
305,전우치,8.1,"['코미디', '액션']",최동훈,"['강동원', '김윤석', '임수정', '유해진']",코미디 액션,최동훈,강동원 김윤석 임수정 유해진
306,이끼,7.1,"['드라마', '범죄']",강우석,"['정재영', '박해일', '유준상', '유선', '허준호', '유해진', '김상호', '김준배']",드라마 범죄,강우석,정재영 박해일 유준상 유선 허준호 유해진 김상호 김준배
307,포화속으로,5.6,['전쟁'],이재한,"['차승원', '권상우', 'T.O.P', '김승우']",전쟁,이재한,차승원 권상우 T.O.P 김승우
308,하모니,9.1,['드라마'],강대규,"['김윤진', '나문희']",드라마,강대규,김윤진 나문희
309,방자전,6.8,['시대극'],김대우,"['김주혁', '류승범', '조여정']",시대극,김대우,김주혁 류승범 조여정
310,솔트,7.5,['액션'],필립 노이스,"['안젤리나 졸리', '치웨텔 에지오포', '리브 슈라이버']",액션,필립노이스,안젤리나졸리 치웨텔에지오포 리브슈라이버
311,부당거래,8.1,"['범죄', '드라마']",류승완,"['황정민', '류승범', '유해진']",범죄 드라마,류승완,황정민 류승범 유해진
312,시라노; 연애조작단,8.4,"['로맨스', '멜로', '코미디']",김현석,"['엄태웅', '이민정', '최다니엘', '박신혜']",로맨스 멜로 코미디,김현석,엄태웅 이민정 최다니엘 박신혜
313,타이탄,6.3,"['액션', '판타지']",루이스 리터리어,"['샘 워싱턴', '리암 니슨', '랄프 파인즈', '알렉사 다바로스', '젬마 아터튼']",액션 판타지,루이스리터리어,샘워싱턴 리암니슨 랄프파인즈 알렉사다바로스 젬마아터튼
314,드래곤 길들이기,9.3,"['애니메이션', '어드벤처']",딘 데블로이스,"['제이 바루첼', '제라드 버틀러', '아메리카 페레라', '크레이그 퍼거슨']",애니메이션 어드벤처,딘데블로이스,제이바루첼 제라드버틀러 아메리카페레라 크레이그퍼거슨
315,해리 포터와 죽음의 성물1,7.9,['판타지'],데이빗 예이츠,"['다니엘 래드클리프', '엠마 왓슨', '루퍼트 그린트']",판타지,데이빗예이츠,다니엘래드클리프 엠마왓슨 루퍼트그린트
316,하녀,6.7,['스릴러'],임상수,"['전도연', '이정재', '윤여정', '서우']",스릴러,임상수,전도연 이정재 윤여정 서우
317,나잇&데이,8.2,"['코미디', '액션']",제임스 맨골드,"['톰 크루즈', '카메론 디아즈']",코미디 액션,제임스맨골드,톰크루즈 카메론디아즈
318,슈렉 포에버,7.7,"['코미디', '어드벤처', '애니메이션']",마이크 미첼,"['장광', '김옥경', '이인성', '이봉준', '마이크 마이어스', '카메론 디아즈', '에디 머피', '안토니오 반데라스']",코미디 어드벤처 애니메이션,마이크미첼,장광 김옥경 이인성 이봉준 마이크마이어스 카메론디아즈 에디머피 안토니오반데라스
319,이상한 나라의 앨리스,7.2,['판타지'],팀 버튼,"['조니 뎁', '미아 와시코우스카', '헬레나 본햄 카터']",판타지,팀버튼,조니뎁 미아와시코우스카 헬레나본햄카터
320,초능력자,6.5,['드라마'],김민석,"['강동원', '고수']",드라마,김민석,강동원 고수
321,이클립스,7.5,"['판타지', '로맨스', '멜로']",데이비드 슬레이드,"['로버트 패틴슨', '크리스틴 스튜어트']",판타지 로맨스 멜로,데이비드슬레이드,로버트패틴슨 크리스틴스튜어트
322,쩨쩨한 로맨스,8.3,"['로맨스', '멜로']",김정훈,"['이선균', '최강희']",로맨스 멜로,김정훈,이선균 최강희
323,페르시아의 왕자: 시간의 모래,8.4,"['액션', '어드벤처']",마이크 뉴웰,"['제이크 질렌할', '젬마 아터튼', '벤 킹슬리']",액션 어드벤처,마이크뉴웰,제이크질렌할 젬마아터튼 벤킹슬리
324,퍼시 잭슨과 번개 도둑,6.5,"['판타지', '어드벤처', '액션']",크리스 콜럼버스,['로건 레먼'],판타지 어드벤처 액션,크리스콜럼버스,로건레먼
325,해결사,7.3,['액션'],권혁재,"['설경구', '이정진', '오달수']",액션,권혁재,설경구 이정진 오달수
326,악마를 보았다,6.8,['스릴러'],김지운,"['이병헌', '최민식']",스릴러,김지운,이병헌 최민식
327,로빈 후드,7.4,"['액션', '드라마']",리들리 스콧,"['러셀 크로우', '케이트 블란쳇']",액션 드라마,리들리스콧,러셀크로우 케이트블란쳇
328,무적자,5.4,"['드라마', '액션']",송해성,"['주진모', '송승헌', '김강우', '조한선']",드라마 액션,송해성,주진모 송승헌 김강우 조한선
329,황해,7.0,['스릴러'],나홍진,"['하정우', '김윤석', '조성하']",스릴러,나홍진,하정우 김윤석 조성하
330,토이 스토리 3,9.3,['애니메이션'],리 언크리치,"['톰 행크스', '팀 알렌', '조앤 쿠삭', '김승준', '박일', '함수정']",애니메이션,리언크리치,톰행크스 팀알렌 조앤쿠삭 김승준 박일 함수정
331,구르믈 버서난 달처럼,6.7,"['시대극', '액션']",이준익,"['황정민', '차승원', '한지혜', '백성현']",시대극 액션,이준익,황정민 차승원 한지혜 백성현
332,라스트 에어벤더,4.6,"['액션', '어드벤처']",M. 나이트 샤말란,"['노아 링어', '데브 파텔', '잭슨 래스본', '니콜라 펠츠']",액션 어드벤처,M.나이트샤말란,노아링어 데브파텔 잭슨래스본 니콜라펠츠
333,헬로우 고스트,8.5,['코미디'],김영탁,"['차태현', '강예원', '이문수', '고창석', '장영남', '천보근']",코미디,김영탁,차태현 강예원 이문수 고창석 장영남 천보근
334,육혈포 강도단,8.0,['코미디'],강효진,"['나문희', '김수미', '김혜옥']",코미디,강효진,나문희 김수미 김혜옥
335,심야의 F.M.,7.3,['스릴러'],김상만,"['수애', '유지태']",스릴러,김상만,수애 유지태
336,레지던트 이블 4: 끝나지 않은 전쟁 3D,6.6,"['액션', '공포', '스릴러']",폴 앤더슨,['밀라 요보비치'],액션 공포 스릴러,폴앤더슨,밀라요보비치
337,나니아 연대기: 새벽 출정호의 항해,8.1,"['어드벤처', '가족', '판타지']",마이클 앱티드,"['벤 반스', '스캔다 케인즈', '조지 헨리']",어드벤처 가족 판타지,마이클앱티드,벤반스 스캔다케인즈 조지헨리
338,용서는 없다,7.5,"['범죄', '스릴러']",김형준,"['설경구', '류승범', '한혜진']",범죄 스릴러,김형준,설경구 류승범 한혜진
339,베스트셀러,7.8,"['미스터리', '스릴러']",이정호,"['엄정화', '류승룡']",미스터리 스릴러,이정호,엄정화 류승룡
340,김종욱 찾기,8.2,"['로맨스', '멜로', '코미디']",장유정,"['임수정', '공유']",로맨스 멜로 코미디,장유정,임수정 공유
341,마루 밑 아리에티,8.0,"['판타지', '애니메이션']",요네바야시 히로마사,"['시다 미라이', '카미키 류노스케']",판타지 애니메이션,요네바야시히로마사,시다미라이 카미키류노스케
342,셜록 홈즈,8.0,"['액션', '어드벤처']",가이 리치,"['로버트 다우니 주니어', '주드 로', '레이첼 맥아담스']",액션 어드벤처,가이리치,로버트다우니주니어 주드로 레이첼맥아담스
343,슈퍼 배드,9.1,"['애니메이션', '코미디']",피에르 코팽,"['스티브 카렐', '제이슨 세걸', '미란다 코스그로브', '다나 가이어', '엘시 피셔', '태연', '서현']",애니메이션 코미디,피에르코팽,스티브카렐 제이슨세걸 미란다코스그로브 다나가이어 엘시피셔 태연 서현
344,파괴된 사나이,7.5,['드라마'],우민호,"['김명민', '엄기준', '박주미']",드라마,우민호,김명민 엄기준 박주미
345,셔터 아일랜드,7.8,"['미스터리', '스릴러']",마틴 스콜세지,['레오나르도 디카프리오'],미스터리 스릴러,마틴스콜세지,레오나르도디카프리오
346,방가? 방가!,8.1,['코미디'],육상효,"['김인권', '신현빈', '김정태', '방대한', '나자루딘', '홀먼 피터 로널드', '에숀쿠로브 팔비스']",코미디,육상효,김인권 신현빈 김정태 방대한 나자루딘 홀먼피터로널드 에숀쿠로브팔비스
347,평행이론,7.3,['스릴러'],권호영,"['지진희', '이종혁']",스릴러,권호영,지진희 이종혁
348,투어리스트,5.4,"['액션', '스릴러']",플로리안 헨켈 폰 도너스마르크,"['조니 뎁', '안젤리나 졸리']",액션 스릴러,플로리안헨켈폰도너스마르크,조니뎁 안젤리나졸리
349,스카이 라인,5.1,"['SF', '액션']",콜린 스트로즈,"['에릭 벌포', '스카티 톰슨']",SF 액션,콜린스트로즈,에릭벌포 스카티톰슨
350,트랜스포머 3,6.5,"['액션', '어드벤처']",마이클 베이,"['샤이아 라보프', '로지 헌팅턴 휘틀리']",액션 어드벤처,마이클베이,샤이아라보프 로지헌팅턴휘틀리
351,최종병기 활,8.2,"['액션', '시대극']",김한민,"['박해일', '류승룡', '김무열', '문채원']",액션 시대극,김한민,박해일 류승룡 김무열 문채원
352,써니,9.0,['드라마'],강형철,"['유호정', '진희경', '고수희', '홍진희', '이연경', '김선경', '심은경', '강소라', '김민영', '박진주', '남보라', '김보미', '민효린']",드라마,강형철,유호정 진희경 고수희 홍진희 이연경 김선경 심은경 강소라 김민영 박진주 남보라 김보미 민효린
353,완득이,9.1,['드라마'],이한,"['김윤석', '유아인']",드라마,이한,김윤석 유아인
354,쿵푸팬더 2,8.5,"['애니메이션', '액션', '코미디']",여인영,"['잭 블랙', '안젤리나 졸리', '더스틴 호프만']",애니메이션 액션 코미디,여인영,잭블랙 안젤리나졸리 더스틴호프만
355,미션임파서블:고스트프로토콜,8.5,['액션'],브래드 버드,['톰 크루즈'],액션,브래드버드,톰크루즈
356,조선명탐정 : 각시투구꽃의 비밀,8.0,"['코미디', '범죄']",김석윤,"['김명민', '오달수', '한지민']",코미디 범죄,김석윤,김명민 오달수 한지민
357,도가니,9.4,['드라마'],황동혁,"['공유', '정유미']",드라마,황동혁,공유 정유미
358,해리포터와 죽음의 성물2,9.2,"['판타지', '어드벤처']",데이빗 예이츠,"['다니엘 래드클리프', '루퍼트 그린트', '엠마 왓슨']",판타지 어드벤처,데이빗예이츠,다니엘래드클리프 루퍼트그린트 엠마왓슨
359,리얼 스틸,8.7,"['액션', '드라마', 'SF']",숀 레비,['휴 잭맨'],액션 드라마 SF,숀레비,휴잭맨
360,캐리비안의 해적: 낯선 조류,7.7,['액션'],롭 마셜,"['조니 뎁', '페넬로페 크루즈']",액션,롭마셜,조니뎁 페넬로페크루즈
361,퀵,7.8,['액션'],조범구,"['이민기', '강예원', '김인권']",액션,조범구,이민기 강예원 김인권
362,고지전,8.5,['전쟁'],장훈,"['신하균', '고수']",전쟁,장훈,신하균 고수
363,오싹한 연애,7.4,"['로맨스', '멜로']",황인호,"['손예진', '이민기']",로맨스 멜로,황인호,손예진 이민기
364,혹성탈출: 진화의 시작,8.5,"['SF', '액션', '드라마']",루퍼트 와이어트,"['제임스 프랭코', '프리다 핀토', '앤디 서키스']",SF 액션 드라마,루퍼트와이어트,제임스프랭코 프리다핀토 앤디서키스
365,위험한 상견례,7.7,['코미디'],김진영,"['송새벽', '이시영', '백윤식', '김수미']",코미디,김진영,송새벽 이시영 백윤식 김수미
366,엑스맨: 퍼스트 클래스,8.6,['액션'],매튜 본,"['제임스 맥어보이', '마이클 패스벤더', '케빈 베이컨']",액션,매튜본,제임스맥어보이 마이클패스벤더 케빈베이컨
367,의뢰인,7.8,['스릴러'],손영성,"['하정우', '박희순', '장혁']",스릴러,손영성,하정우 박희순 장혁
368,가문의 영광4 - 가문의 수난,2.9,['코미디'],정태원,"['김수미', '신현준', '탁재훈']",코미디,정태원,김수미 신현준 탁재훈
369,블라인드,8.4,['스릴러'],안상훈,"['김하늘', '유승호']",스릴러,안상훈,김하늘 유승호
370,7광구,4.1,"['SF', '액션']",김지훈,"['하지원', '안성기', '오지호', '이한위', '박철민', '송새벽', '차예련']",SF 액션,김지훈,하지원 안성기 오지호 이한위 박철민 송새벽 차예련
371,마당을 나온 암탉,8.9,"['애니메이션', '드라마', '어드벤처']",오성윤,"['문소리', '유승호', '최민식', '박철민']",애니메이션 드라마 어드벤처,오성윤,문소리 유승호 최민식 박철민
372,라스트 갓파더,6.9,['코미디'],심형래,"['심형래', '하비 케이틀']",코미디,심형래,심형래 하비케이틀
373,글러브,8.8,['드라마'],강우석,"['정재영', '유선']",드라마,강우석,정재영 유선
374,아이들...,7.8,"['범죄', '스릴러']",이규만,"['박용우', '류승룡', '성동일', '성지루', '김여진']",범죄 스릴러,이규만,박용우 류승룡 성동일 성지루 김여진
375,걸리버 여행기,5.3,['코미디'],롭 레터맨,['잭 블랙'],코미디,롭레터맨,잭블랙
376,평양성,7.7,['드라마'],이준익,"['정진영', '이문식', '류승룡', '윤제문', '선우선', '이광수']",드라마,이준익,정진영 이문식 류승룡 윤제문 선우선 이광수
377,토르: 천둥의 신,7.2,"['액션', '어드벤처', '판타지']",케네스 브래너,"['크리스 헴스워스', '나탈리 포트만', '안소니 홉킨스']",액션 어드벤처 판타지,케네스브래너,크리스헴스워스 나탈리포트만 안소니홉킨스
378,헬로우 고스트,8.5,['코미디'],김영탁,"['차태현', '강예원', '이문수', '고창석', '장영남', '천보근']",코미디,김영탁,차태현 강예원 이문수 고창석 장영남 천보근
379,그대를 사랑합니다,9.5,"['로맨스', '멜로']",추창민,"['이순재', '윤소정', '송재호', '김수미']",로맨스 멜로,추창민,이순재 윤소정 송재호 김수미
380,블랙 스완,8.3,"['드라마', '스릴러']",대런 아로노프스키,"['나탈리 포트만', '뱅상 카셀', '밀라 쿠니스']",드라마 스릴러,대런아로노프스키,나탈리포트만 뱅상카셀 밀라쿠니스
381,분노의 질주: 언리미티드,8.4,['액션'],저스틴 린,"['빈 디젤', '폴 워커', '드웨인 존슨']",액션,저스틴린,빈디젤 폴워커 드웨인존슨
382,마이 웨이,6.0,['드라마'],강제규,"['장동건', '오다기리 죠']",드라마,강제규,장동건 오다기리죠
383,브레이킹 던 part1,7.3,"['로맨스', '멜로', '판타지']",빌 콘돈,"['크리스틴 스튜어트', '로버트 패틴슨', '테일러 로트너']",로맨스 멜로 판타지,빌콘돈,크리스틴스튜어트 로버트패틴슨 테일러로트너
384,신들의 전쟁,5.6,"['액션', '판타지']",타셈 싱,"['헨리 카빌', '미키 루크', '프리다 핀토']",액션 판타지,타셈싱,헨리카빌 미키루크 프리다핀토
385,월드 인베이젼,6.9,"['액션', 'SF']",조나단 리브스만,"['아론 에크하트', '미셸 로드리게스', '레이몬 로드리게즈']",액션 SF,조나단리브스만,아론에크하트 미셸로드리게스 레이몬로드리게즈
386,셜록홈즈 : 그림자 게임,7.6,"['액션', '어드벤처']",가이 리치,"['로버트 다우니 주니어', '주드 로']",액션 어드벤처,가이리치,로버트다우니주니어 주드로
387,소스 코드,8.6,"['SF', '액션']",던칸 존스,"['제이크 질렌할', '미셸 모나한']",SF 액션,던칸존스,제이크질렌할 미셸모나한
388,특수본,6.9,['액션'],황병국,"['엄태웅', '주원']",액션,황병국,엄태웅 주원
389,수상한 고객들,8.4,['코미디'],조진모,['류승범'],코미디,조진모,류승범
390,오직 그대만,9.1,['드라마'],송일곤,"['소지섭', '한효주']",드라마,송일곤,소지섭 한효주
391,개구쟁이 스머프,8.1,"['가족', '판타지', '애니메이션']",라자 고스넬,"['이하늬', '박명수', '김경진', '닐 패트릭 해리스', '제이마 메이스', '조나단 윈터스', '조지 로페즈', '프레드 아미센', '알란 커밍', '안톤 옐친', '케이티 페리', '행크 아자리아']",가족 판타지 애니메이션,라자고스넬,이하늬 박명수 김경진 닐패트릭해리스 제이마메이스 조나단윈터스 조지로페즈 프레드아미센 알란커밍 안톤옐친 케이티페리 행크아자리아
392,라푼젤,9.0,"['애니메이션', '코미디', '어드벤처']",네이든 그레노,"['맨디 무어', '재커리 리바이', '도나 머피']",애니메이션 코미디 어드벤처,네이든그레노,맨디무어 재커리리바이 도나머피
393,심장이 뛴다,7.2,['드라마'],윤재근,"['김윤진', '박해일']",드라마,윤재근,김윤진 박해일
394,파퍼씨네 펭귄들,8.4,['코미디'],마크 워터스,"['짐 캐리', '칼라 구기노']",코미디,마크워터스,짐캐리 칼라구기노
395,메가마인드,8.5,"['애니메이션', '코미디', '가족']",톰 맥그래스,"['김수로', '윌 페렐']",애니메이션 코미디 가족,톰맥그래스,김수로 윌페렐
396,체포왕,8.3,['코미디'],임찬익,"['박중훈', '이선균']",코미디,임찬익,박중훈 이선균
397,만추,7.2,"['로맨스', '멜로']",김태용,"['탕웨이', '현빈']",로맨스 멜로,김태용,탕웨이 현빈
398,퍼펙트 게임,8.8,['드라마'],박희곤,"['조승우', '양동근']",드라마,박희곤,조승우 양동근
399,킹스 스피치,8.2,['드라마'],톰 후퍼,"['콜린 퍼스', '제프리 러쉬', '헬레나 본햄 카터']",드라마,톰후퍼,콜린퍼스 제프리러쉬 헬레나본햄카터
400,도둑들,7.9,"['액션', '드라마']",최동훈,"['김윤석', '이정재', '김혜수', '전지현', '임달화', '김해숙', '오달수', '김수현', '증국상']",액션 드라마,최동훈,김윤석 이정재 김혜수 전지현 임달화 김해숙 오달수 김수현 증국상
401,"광해, 왕이 된 남자",8.6,"['드라마', '시대극']",추창민,"['이병헌', '류승룡', '한효주']",드라마 시대극,추창민,이병헌 류승룡 한효주
402,어벤져스,8.6,['액션'],조스 웨던,"['로버트 다우니 주니어', '크리스 헴스워스', '마크 러팔로', '크리스 에반스', '스칼렛 요한슨', '제레미 레너', '사무엘 L. 잭슨', '톰 히들스턴']",액션,조스웨던,로버트다우니주니어 크리스헴스워스 마크러팔로 크리스에반스 스칼렛요한슨 제레미레너 사무엘L.잭슨 톰히들스턴
403,늑대소년,8.4,"['로맨스', '멜로', '드라마', '판타지']",조성희,"['송중기', '박보영']",로맨스 멜로 드라마 판타지,조성희,송중기 박보영
404,다크 나이트 라이즈,8.4,"['액션', '범죄']",크리스토퍼 놀란,"['크리스찬 베일', '마이클 케인', '게리 올드만', '앤 해서웨이', '톰 하디', '마리옹 꼬띠아르', '조셉 고든 레빗', '모건 프리먼']",액션 범죄,크리스토퍼놀란,크리스찬베일 마이클케인 게리올드만 앤해서웨이 톰하디 마리옹꼬띠아르 조셉고든레빗 모건프리먼
405,바람과 함께 사라지다,7.2,"['시대극', '액션', '코미디']",김주호,"['차태현', '오지호', '민효린', '성동일', '신정근', '고창석']",시대극 액션 코미디,김주호,차태현 오지호 민효린 성동일 신정근 고창석
406,어메이징 스파이더맨,7.1,"['액션', '어드벤처', '스릴러']",마크 웹,"['앤드류 가필드', '엠마 스톤']",액션 어드벤처 스릴러,마크웹,앤드류가필드 엠마스톤
407,범죄와의 전쟁: 나쁜놈들 전성시대,8.3,"['범죄', '드라마']",윤종빈,"['최민식', '하정우']",범죄 드라마,윤종빈,최민식 하정우
408,내 아내의 모든 것,8.2,"['로맨스', '멜로', '코미디']",민규동,"['임수정', '이선균', '류승룡']",로맨스 멜로 코미디,민규동,임수정 이선균 류승룡
409,연가시,6.8,"['드라마', '어드벤처']",박정우,"['김명민', '문정희', '김동완', '이하늬']",드라마 어드벤처,박정우,김명민 문정희 김동완 이하늬
410,건축학개론,8.4,"['로맨스', '멜로', '드라마']",이용주,"['엄태웅', '한가인', '이제훈', '수지']",로맨스 멜로 드라마,이용주,엄태웅 한가인 이제훈 수지
411,댄싱퀸,8.6,['코미디'],이석훈,"['황정민', '엄정화']",코미디,이석훈,황정민 엄정화
412,부러진 화살,9.5,['드라마'],정지영,['안성기'],드라마,정지영,안성기
413,맨 인 블랙 3,7.3,"['액션', '코미디', 'SF']",배리 소넨펠드,"['윌 스미스', '토미 리 존스', '조슈 브롤린']",액션 코미디 SF,배리소넨펠드,윌스미스 토미리존스 조슈브롤린
414,레미제라블,8.4,"['드라마', '뮤지컬']",톰 후퍼,"['휴 잭맨', '러셀 크로우', '아만다 사이프리드', '앤 해서웨이', '헬레나 본햄 카터']",드라마 뮤지컬,톰후퍼,휴잭맨 러셀크로우 아만다사이프리드 앤해서웨이 헬레나본햄카터
415,26년,8.3,['드라마'],조근현,"['진구', '한혜진', '임슬옹', '배수빈', '이경영', '장광']",드라마,조근현,진구 한혜진 임슬옹 배수빈 이경영 장광
416,내가 살인범이다,8.5,"['액션', '스릴러']",정병길,"['정재영', '박시후']",액션 스릴러,정병길,정재영 박시후
417,브레이킹 던 part2,7.8,"['판타지', '로맨스', '멜로']",빌 콘돈,"['크리스틴 스튜어트', '로버트 패틴슨']",판타지 로맨스 멜로,빌콘돈,크리스틴스튜어트 로버트패틴슨
418,후궁 : 제왕의 첩,6.5,"['로맨스', '멜로', '드라마']",김대승,"['조여정', '김동욱', '김민준']",로맨스 멜로 드라마,김대승,조여정 김동욱 김민준
419,호빗: 뜻밖의 여정,8.1,"['어드벤처', '판타지']",피터 잭슨,"['이안 맥켈런', '마틴 프리먼']",어드벤처 판타지,피터잭슨,이안맥켈런 마틴프리먼
420,미션임파서블:고스트프로토콜,8.5,['액션'],브래드 버드,['톰 크루즈'],액션,브래드버드,톰크루즈
421,화차,7.9,['미스터리'],변영주,"['이선균', '김민희', '조성하']",미스터리,변영주,이선균 김민희 조성하
422,이웃사람,8.0,['스릴러'],김휘,"['김윤진', '마동석', '천호진', '김성균', '김새론', '임하룡', '장영남', '도지한']",스릴러,김휘,김윤진 마동석 천호진 김성균 김새론 임하룡 장영남 도지한
423,007 스카이폴,7.2,['액션'],샘 멘데스,"['다니엘 크레이그', '하비에르 바르뎀', '주디 덴치']",액션,샘멘데스,다니엘크레이그 하비에르바르뎀 주디덴치
424,테이큰 2,6.7,"['액션', '범죄']",올리비에 메가톤,"['리암 니슨', '매기 그레이스', '팜케 얀센']",액션 범죄,올리비에메가톤,리암니슨 매기그레이스 팜케얀센
425,배틀쉽,5.8,['액션'],피터 버그,"['테일러 키취', '브룩클린 데커', '리암 니슨', '알렉산더 스카스가드', '리한나']",액션,피터버그,테일러키취 브룩클린데커 리암니슨 알렉산더스카스가드 리한나
426,장화신은 고양이,7.8,['애니메이션'],크리스 밀러,"['안토니오 반데라스', '셀마 헤이엑', '자흐 갈리피아나키스']",애니메이션,크리스밀러,안토니오반데라스 셀마헤이엑 자흐갈리피아나키스
427,타워,6.7,['드라마'],김지훈,"['설경구', '손예진', '김상경']",드라마,김지훈,설경구 손예진 김상경
428,코리아,8.4,['드라마'],문현성,"['하지원', '배두나']",드라마,문현성,하지원 배두나
429,나의 PS 파트너,7.7,"['로맨스', '멜로', '코미디']",변성현,"['지성', '김아중']",로맨스 멜로 코미디,변성현,지성 김아중
430,반창꼬,8.3,"['드라마', '로맨스', '멜로']",정기훈,"['고수', '한효주']",드라마 로맨스 멜로,정기훈,고수 한효주
431,러브픽션,6.8,"['로맨스', '멜로', '코미디']",전계수,"['하정우', '공효진']",로맨스 멜로 코미디,전계수,하정우 공효진
432,언터처블: 1%의 우정,9.1,"['코미디', '드라마']",올리비에르 나카체,"['프랑수아 클뤼제', '오마르 사이']",코미디 드라마,올리비에르나카체,프랑수아클뤼제 오마르사이
433,아이스 에이지 4: 대륙 이동설,8.1,['애니메이션'],스티브 마티노,"['레이 로마노', '퀸 라티파', '존 레귀자모', '데니스 리어리', '제니퍼 로페즈']",애니메이션,스티브마티노,레이로마노 퀸라티파 존레귀자모 데니스리어리 제니퍼로페즈
434,공모자들,7.2,"['범죄', '스릴러']",김홍선,"['임창정', '최다니엘']",범죄 스릴러,김홍선,임창정 최다니엘
435,마다가스카3 : 이번엔 서커스다!,8.3,"['애니메이션', '어드벤처']",에릭 다넬,"['벤 스틸러', '크리스 록', '데이비드 쉼머', '제이다 핀켓 스미스']",애니메이션 어드벤처,에릭다넬,벤스틸러 크리스록 데이비드쉼머 제이다핀켓스미스
436,하울링,7.1,"['범죄', '드라마']",유하,"['송강호', '이나영']",범죄 드라마,유하,송강호 이나영
437,용의자X,7.7,['미스터리'],방은진,"['류승범', '이요원', '조진웅']",미스터리,방은진,류승범 이요원 조진웅
438,새미의 어드벤쳐 2,8.7,"['애니메이션', '어드벤처']",벤 스타센,"['아이유', '이기광', '김원효', '팻 캐롤', '카를로스 맥컬러스 II']",애니메이션 어드벤처,벤스타센,아이유 이기광 김원효 팻캐롤 카를로스맥컬러스II
439,차형사,6.8,['코미디'],신태라,"['강지환', '성유리']",코미디,신태라,강지환 성유리
440,은교,6.9,"['로맨스', '멜로']",정지우,"['박해일', '김무열', '김고은']",로맨스 멜로,정지우,박해일 김무열 김고은
441,간첩,5.5,"['드라마', '코미디', '액션']",우민호,"['김명민', '유해진', '염정아', '변희봉', '정겨운']",드라마 코미디 액션,우민호,김명민 유해진 염정아 변희봉 정겨운
442,간기남,6.9,"['스릴러', '코미디']",김형준,"['박희순', '박시연', '주상욱']",스릴러 코미디,김형준,박희순 박시연 주상욱
443,메리다와 마법의 숲,7.7,['애니메이션'],마크 앤드류스,"['강소라', '켈리 맥도널드', '빌리 코널리', '엠마 톰슨']",애니메이션,마크앤드류스,강소라 켈리맥도널드 빌리코널리 엠마톰슨
444,토탈 리콜,6.9,['액션'],렌 와이즈먼,"['콜린 파렐', '케이트 베킨세일', '제시카 비엘']",액션,렌와이즈먼,콜린파렐 케이트베킨세일 제시카비엘
445,R2B: 리턴투베이스,6.9,"['액션', '드라마']",김동원,"['비', '유준상', '신세경', '김성수', '이하나', '이종석', '정경호']",액션 드라마,김동원,비 유준상 신세경 김성수 이하나 이종석 정경호
446,돈의 맛,6.2,['드라마'],임상수,"['김강우', '백윤식', '윤여정', '김효진']",드라마,임상수,김강우 백윤식 윤여정 김효진
447,잃어버린 세계를 찾아서 2: 신비의 섬,6.5,"['액션', '어드벤처']",브래드 페이튼,"['드웨인 존슨', '마이클 케인', '조쉬 허처슨', '루이스 구즈만', '바네사 허진스']",액션 어드벤처,브래드페이튼,드웨인존슨 마이클케인 조쉬허처슨 루이스구즈만 바네사허진스
448,회사원,6.8,"['액션', '드라마']",임상윤,"['소지섭', '이미연']",액션 드라마,임상윤,소지섭 이미연
449,가디언즈,9.0,"['애니메이션', '어드벤처']",피터 램지,"['이제훈', '류승룡', '이종혁', '한혜진', '유해진', '알렉 볼드윈', '크리스 파인', '휴 잭맨', '아일라 피셔', '주드 로', '다코타 고요']",애니메이션 어드벤처,피터램지,이제훈 류승룡 이종혁 한혜진 유해진 알렉볼드윈 크리스파인 휴잭맨 아일라피셔 주드로 다코타고요
450,7번방의 선물,8.7,['드라마'],이환경,"['류승룡', '박신혜', '갈소원', '오달수', '박원상', '김정태', '정만식', '김기천']",드라마,이환경,류승룡 박신혜 갈소원 오달수 박원상 김정태 정만식 김기천
451,설국열차,7.1,"['SF', '액션', '드라마']",봉준호,"['크리스 에반스', '송강호', '에드 해리스', '존 허트', '틸다 스윈튼', '제이미 벨', '옥타비아 스펜서', '이완 브렘너', '고아성']",SF 액션 드라마,봉준호,크리스에반스 송강호 에드해리스 존허트 틸다스윈튼 제이미벨 옥타비아스펜서 이완브렘너 고아성
452,관상,8.0,['시대극'],한재림,"['송강호', '이정재', '백윤식', '조정석', '이종석', '김혜수']",시대극,한재림,송강호 이정재 백윤식 조정석 이종석 김혜수
453,아이언맨 3,8.3,"['액션', 'SF']",셰인 블랙,"['로버트 다우니 주니어', '기네스 팰트로', '돈 치들', '가이 피어스']",액션 SF,셰인블랙,로버트다우니주니어 기네스팰트로 돈치들 가이피어스
454,베를린,7.9,"['액션', '드라마']",류승완,"['하정우', '한석규', '류승범', '전지현']",액션 드라마,류승완,하정우 한석규 류승범 전지현
455,은밀하게 위대하게,7.1,"['액션', '드라마', '코미디']",장철수,"['김수현', '박기웅', '이현우']",액션 드라마 코미디,장철수,김수현 박기웅 이현우
456,변호인,9.3,['드라마'],양우석,['송강호'],드라마,양우석,송강호
457,숨바꼭질,5.9,['스릴러'],허정,"['손현주', '전미선', '문정희']",스릴러,허정,손현주 전미선 문정희
458,더 테러 라이브,8.3,['스릴러'],김병우,['하정우'],스릴러,김병우,하정우
459,감시자들,7.3,"['범죄', '액션']",조의석,"['설경구', '정우성', '한효주']",범죄 액션,조의석,설경구 정우성 한효주
460,월드 워 Z,7.3,"['스릴러', 'SF', '액션', '어드벤처', '공포']",마크 포스터,['브래드 피트'],스릴러 SF 액션 어드벤처 공포,마크포스터,브래드피트
461,신세계,8.6,"['범죄', '드라마']",박훈정,"['이정재', '최민식', '황정민']",범죄 드라마,박훈정,이정재 최민식 황정민
462,박수건달,7.5,['코미디'],조진규,"['박신양', '김정태', '엄지원', '정혜영']",코미디,조진규,박신양 김정태 엄지원 정혜영
463,스파이,6.3,"['코미디', '액션']",이승준,"['설경구', '문소리', '다니엘 헤니']",코미디 액션,이승준,설경구 문소리 다니엘헤니
464,그래비티,8.1,"['SF', '드라마']",알폰소 쿠아론,"['산드라 블록', '조지 클루니']",SF 드라마,알폰소쿠아론,산드라블록 조지클루니
465,타워,6.7,['드라마'],김지훈,"['설경구', '손예진', '김상경']",드라마,김지훈,설경구 손예진 김상경
466,감기,7.2,"['드라마', '어드벤처', '액션']",김성수,"['장혁', '수애', '박민하']",드라마 어드벤처 액션,김성수,장혁 수애 박민하
467,토르: 다크 월드,7.6,"['어드벤처', '판타지']",알랜 테일러,"['크리스 헴스워스', '나탈리 포트만', '톰 히들스턴', '안소니 홉킨스', '크리스토퍼 에클리스톤']",어드벤처 판타지,알랜테일러,크리스헴스워스 나탈리포트만 톰히들스턴 안소니홉킨스 크리스토퍼에클리스톤
468,레드: 더 레전드,7.4,"['액션', '코미디', '범죄']",딘 패리소,"['브루스 윌리스', '존 말코비치', '메리 루이스 파커', '이병헌', '캐서린 제타 존스', '안소니 홉킨스', '헬렌 미렌']",액션 코미디 범죄,딘패리소,브루스윌리스 존말코비치 메리루이스파커 이병헌 캐서린제타존스 안소니홉킨스 헬렌미렌
469,친구 2,6.1,['액션'],곽경택,"['유오성', '주진모', '김우빈']",액션,곽경택,유오성 주진모 김우빈
470,어바웃 타임,8.6,"['로맨스', '멜로', '코미디']",리차드 커티스,"['도널 글리슨', '레이첼 맥아담스', '빌 나이']",로맨스 멜로 코미디,리차드커티스,도널글리슨 레이첼맥아담스 빌나이
471,나우 유 씨 미 : 마술사기단,7.6,"['범죄', '액션', '스릴러']",루이스 리터리어,"['제시 아이젠버그', '마크 러팔로', '우디 해럴슨', '멜라니 로랑', '아일라 피셔', '데이브 프랭코', '마이클 케인', '모건 프리먼']",범죄 액션 스릴러,루이스리터리어,제시아이젠버그 마크러팔로 우디해럴슨 멜라니로랑 아일라피셔 데이브프랭코 마이클케인 모건프리먼
472,소원,8.7,['드라마'],이준익,"['설경구', '엄지원', '이레']",드라마,이준익,설경구 엄지원 이레
473,레미제라블,8.4,"['드라마', '뮤지컬']",톰 후퍼,"['휴 잭맨', '러셀 크로우', '아만다 사이프리드', '앤 해서웨이', '헬레나 본햄 카터']",드라마 뮤지컬,톰후퍼,휴잭맨 러셀크로우 아만다사이프리드 앤해서웨이 헬레나본햄카터
474,퍼시픽 림,7.0,"['SF', '액션', '어드벤처']",기예르모 델 토로,"['찰리 허냄', '이드리스 엘바', '키쿠치 린코', '찰리 데이', '로버트 카진스키']",SF 액션 어드벤처,기예르모델토로,찰리허냄 이드리스엘바 키쿠치린코 찰리데이 로버트카진스키
475,화이: 괴물을 삼킨 아이,7.4,"['액션', '스릴러']",장준환,"['김윤석', '여진구', '조진웅', '장현성', '김성균', '박해준']",액션 스릴러,장준환,김윤석 여진구 조진웅 장현성 김성균 박해준
476,컨저링,7.4,['공포'],제임스 완,"['베라 파미가', '패트릭 윌슨', '릴리 테일러', '론 리빙스턴']",공포,제임스완,베라파미가 패트릭윌슨 릴리테일러 론리빙스턴
477,맨 오브 스틸,7.4,"['액션', '어드벤처', '판타지']",잭 스나이더,"['헨리 카빌', '에이미 아담스']",액션 어드벤처 판타지,잭스나이더,헨리카빌 에이미아담스
478,용의자,7.9,"['액션', '드라마']",원신연,['공유'],액션 드라마,원신연,공유
479,호빗: 스마우그의 폐허,7.5,"['어드벤처', '판타지']",피터 잭슨,"['마틴 프리먼', '이안 맥켈런', '리차드 아미티지', '케이트 블란쳇', '올랜도 블룸']",어드벤처 판타지,피터잭슨,마틴프리먼 이안맥켈런 리차드아미티지 케이트블란쳇 올랜도블룸
480,몽타주,8.2,"['스릴러', '드라마']",정근섭,"['엄정화', '김상경', '송영창']",스릴러 드라마,정근섭,엄정화 김상경 송영창
481,터보,8.7,"['애니메이션', '어드벤처', '코미디']",데이빗 소렌,['라이언 레이놀즈'],애니메이션 어드벤처 코미디,데이빗소렌,라이언레이놀즈
482,연애의 온도,7.5,"['로맨스', '멜로']",노덕,"['이민기', '김민희']",로맨스 멜로,노덕,이민기 김민희
483,지.아이.조 2,6.5,"['액션', '어드벤처']",존 추,"['브루스 윌리스', '드웨인 존슨', 'D.J. 코트로나', '이병헌', '아드리안 팔리키', '레이 파크', '채닝 테이텀']",액션 어드벤처,존추,브루스윌리스 드웨인존슨 D.J.코트로나 이병헌 아드리안팔리키 레이파크 채닝테이텀
484,분노의 질주: 더 맥시멈,8.4,"['액션', '범죄']",저스틴 린,"['빈 디젤', '폴 워커', '드웨인 존슨', '미셸 로드리게스', '성강', '루크 에반스']",액션 범죄,저스틴린,빈디젤 폴워커 드웨인존슨 미셸로드리게스 성강 루크에반스
485,공범,6.9,['스릴러'],국동석,"['손예진', '김갑수']",스릴러,국동석,손예진 김갑수
486,집으로 가는 길,8.5,['드라마'],방은진,"['전도연', '고수']",드라마,방은진,전도연 고수
487,전설의 주먹,7.1,"['액션', '드라마']",강우석,"['황정민', '유준상', '이요원', '윤제문', '정웅인']",액션 드라마,강우석,황정민 유준상 이요원 윤제문 정웅인
488,파파로티,9.0,['드라마'],윤종찬,"['한석규', '이제훈']",드라마,윤종찬,한석규 이제훈
489,스타트렉 다크니스,8.5,"['액션', '어드벤처', 'SF']",J.J. 에이브람스,"['크리스 파인', '재커리 퀸토', '조 샐다나', '칼 어번', '베네딕트 컴버배치']",액션 어드벤처 SF,J.J.에이브람스,크리스파인 재커리퀸토 조샐다나 칼어번 베네딕트컴버배치
490,라이프 오브 파이,8.3,"['어드벤처', '드라마']",이안,"['수라즈 샤르마', '이르판 칸']",어드벤처 드라마,이안,수라즈샤르마 이르판칸
491,오블리비언,7.7,"['SF', '액션']",조셉 코신스키,"['톰 크루즈', '모건 프리먼', '올가 쿠릴렌코']",SF 액션,조셉코신스키,톰크루즈 모건프리먼 올가쿠릴렌코
492,위대한 개츠비,7.6,"['로맨스', '멜로', '드라마']",바즈 루어만,"['레오나르도 디카프리오', '토비 맥과이어', '캐리 멀리건']",로맨스 멜로 드라마,바즈루어만,레오나르도디카프리오 토비맥과이어 캐리멀리건
493,다이하드: 굿 데이 투 다이,6.6,"['액션', '범죄', '스릴러']",존 무어,"['브루스 윌리스', '제이 코트니', '메리 엘리자베스 윈스티드']",액션 범죄 스릴러,존무어,브루스윌리스 제이코트니 메리엘리자베스윈스티드
494,런닝맨,7.6,['액션'],조동오,"['신하균', '이태리', '김상호', '조은지', '오정세']",액션,조동오,신하균 이태리 김상호 조은지 오정세
495,미스터 고,7.6,"['드라마', '코미디', '액션']",김용화,"['링링', '성동일', '서교']",드라마 코미디 액션,김용화,링링 성동일 서교
496,결혼전야,7.4,"['로맨스', '멜로']",홍지영,"['김강우', '김효진', '이연희', '택연', '마동석', '구잘 투르수노바', '이희준', '고준희', '주지훈']",로맨스 멜로,홍지영,김강우 김효진 이연희 택연 마동석 구잘투르수노바 이희준 고준희 주지훈
497,깡철이,7.0,['가족'],안권태,"['유아인', '김해숙']",가족,안권태,유아인 김해숙
498,엘리시움,7.0,"['SF', '액션', '드라마']",닐 블롬캠프,"['맷 데이먼', '조디 포스터']",SF 액션 드라마,닐블롬캠프,맷데이먼 조디포스터
499,더 웹툰: 예고살인,7.5,"['공포', '스릴러']",김용균,"['이시영', '엄기준']",공포 스릴러,김용균,이시영 엄기준
500,명량,7.8,"['액션', '드라마']",김한민,"['최민식', '류승룡', '조진웅']",액션 드라마,김한민,최민식 류승룡 조진웅
501,겨울왕국,8.2,"['애니메이션', '어드벤처', '가족']",크리스 벅,"['박지윤', '소연', '박혜나', '최원형', '윤승욱', '장민혁', '정상윤', '이장원', '정영주', '크리스틴 벨', '이디나 멘젤', '조시 게드', '조나단 그로프', '마이아 윌슨']",애니메이션 어드벤처 가족,크리스벅,박지윤 소연 박혜나 최원형 윤승욱 장민혁 정상윤 이장원 정영주 크리스틴벨 이디나멘젤 조시게드 조나단그로프 마이아윌슨
502,인터스텔라,8.0,['SF'],크리스토퍼 놀란,"['매튜 맥커너히', '앤 해서웨이', '마이클 케인', '제시카 차스테인', '캐시 애플렉']",SF,크리스토퍼놀란,매튜맥커너히 앤해서웨이 마이클케인 제시카차스테인 캐시애플렉
503,해적: 바다로 간 산적,7.7,['어드벤처'],이석훈,"['김남길', '손예진']",어드벤처,이석훈,김남길 손예진
504,수상한 그녀,8.8,"['코미디', '드라마']",황동혁,"['심은경', '나문희']",코미디 드라마,황동혁,심은경 나문희
505,변호인,9.3,['드라마'],양우석,['송강호'],드라마,양우석,송강호
506,국제시장,7.1,['드라마'],윤제균,"['황정민', '김윤진', '오달수']",드라마,윤제균,황정민 김윤진 오달수
507,트랜스포머: 사라진 시대,6.1,['SF'],마이클 베이,"['마크 월버그', '니콜라 펠츠', '잭 레이너']",SF,마이클베이,마크월버그 니콜라펠츠 잭레이너
508,군도: 민란의 시대,7.2,['액션'],윤종빈,"['하정우', '강동원']",액션,윤종빈,하정우 강동원
509,엣지 오브 투모로우,8.1,"['액션', 'SF']",더그 라이만,"['톰 크루즈', '에밀리 블런트']",액션 SF,더그라이만,톰크루즈 에밀리블런트
510,엑스맨: 데이즈 오브 퓨처 패스트,7.9,"['액션', '어드벤처', '판타지']",브라이언 싱어,"['휴 잭맨', '제임스 맥어보이', '마이클 패스벤더', '패트릭 스튜어트', '이안 맥켈런', '제니퍼 로렌스', '할리 베리', '엘렌 페이지']",액션 어드벤처 판타지,브라이언싱어,휴잭맨 제임스맥어보이 마이클패스벤더 패트릭스튜어트 이안맥켈런 제니퍼로렌스 할리베리 엘렌페이지
511,어메이징 스파이더맨 2,6.6,"['액션', '어드벤처', '판타지']",마크 웹,"['앤드류 가필드', '엠마 스톤', '제이미 폭스', '데인 드한']",액션 어드벤처 판타지,마크웹,앤드류가필드 엠마스톤 제이미폭스 데인드한
512,타짜-신의 손,6.2,['드라마'],강형철,"['T.O.P', '신세경', '곽도원', '이하늬']",드라마,강형철,T.O.P 신세경 곽도원 이하늬
513,혹성탈출: 반격의 서막,7.5,"['SF', '액션', '드라마', '스릴러']",매트 리브스,"['앤디 서키스', '제이슨 클락', '게리 올드만']",SF 액션 드라마 스릴러,매트리브스,앤디서키스 제이슨클락 게리올드만
514,캡틴 아메리카: 윈터 솔져,8.2,"['액션', '어드벤처', 'SF']",조 루소,['크리스 에반스'],액션 어드벤처 SF,조루소,크리스에반스
515,역린,7.3,['시대극'],이재규,"['현빈', '정재영', '조정석']",시대극,이재규,현빈 정재영 조정석
516,"님아, 그 강을 건너지 마오",9.0,['다큐멘터리'],진모영,"['조병만', '강계열']",다큐멘터리,진모영,조병만 강계열
517,신의 한 수,7.1,"['범죄', '액션']",조범구,"['정우성', '이범수', '안성기', '김인권', '이시영']",범죄 액션,조범구,정우성 이범수 안성기 김인권 이시영
518,끝까지 간다,8.4,"['범죄', '액션']",김성훈,"['이선균', '조진웅']",범죄 액션,김성훈,이선균 조진웅
519,비긴 어게인,8.3,"['로맨스', '멜로']",존 카니,"['키이라 나이틀리', '마크 러팔로']",로맨스 멜로,존카니,키이라나이틀리 마크러팔로
520,드래곤 길들이기 2,8.3,"['애니메이션', '액션', '어드벤처']",딘 데블로이스,"['오승윤', '안장혁', '최석필', '김서영', '방성준', '하성용', '김현심', '박성태', '정승욱', '키트 해링턴', '이선주']",애니메이션 액션 어드벤처,딘데블로이스,오승윤 안장혁 최석필 김서영 방성준 하성용 김현심 박성태 정승욱 키트해링턴 이선주
521,표적,6.6,"['액션', '드라마']",창,"['류승룡', '유준상', '이진욱', '김성령', '조여정', '조은지']",액션 드라마,창,류승룡 유준상 이진욱 김성령 조여정 조은지
522,메이즈 러너,7.1,"['미스터리', '액션', '스릴러', 'SF']",웨스 볼,"['딜런 오브라이언', '카야 스코델라리오', '토마스 생스터', '윌 폴터']",미스터리 액션 스릴러 SF,웨스볼,딜런오브라이언 카야스코델라리오 토마스생스터 윌폴터
523,호빗: 다섯 군대 전투,8.1,['판타지'],피터 잭슨,"['이안 맥켈런', '마틴 프리먼']",판타지,피터잭슨,이안맥켈런 마틴프리먼
524,나의 사랑 나의 신부,7.0,"['로맨스', '멜로']",임찬상,"['조정석', '신민아']",로맨스 멜로,임찬상,조정석 신민아
525,논스톱,7.8,['액션'],자움 콜렛 세라,"['리암 니슨', '줄리안 무어']",액션,자움콜렛세라,리암니슨 줄리안무어
526,인투 더 스톰,7.3,"['액션', '스릴러']",스티븐 쿼일,"['리차드 아미티지', '사라 웨인 칼리즈', '제레미 섬터']",액션 스릴러,스티븐쿼일,리차드아미티지 사라웨인칼리즈 제레미섬터
527,노아,5.4,['드라마'],대런 아로노프스키,"['러셀 크로우', '제니퍼 코넬리', '엠마 왓슨', '안소니 홉킨스', '로건 레먼']",드라마,대런아로노프스키,러셀크로우 제니퍼코넬리 엠마왓슨 안소니홉킨스 로건레먼
528,남자가 사랑할 때,8.0,['드라마'],한동욱,"['황정민', '한혜진']",드라마,한동욱,황정민 한혜진
529,루시,6.7,"['액션', 'SF', '스릴러']",뤽 베송,"['스칼렛 요한슨', '모건 프리먼', '최민식']",액션 SF 스릴러,뤽베송,스칼렛요한슨 모건프리먼 최민식
530,용의자,7.9,"['액션', '드라마']",원신연,['공유'],액션 드라마,원신연,공유
531,기술자들,6.4,"['범죄', '액션']",김홍선,"['김우빈', '김영철', '고창석', '이현우', '조윤희', '임주환']",범죄 액션,김홍선,김우빈 김영철 고창석 이현우 조윤희 임주환
532,나를 찾아줘,7.6,['스릴러'],데이빗 핀처,"['벤 애플렉', '로자먼드 파이크']",스릴러,데이빗핀처,벤애플렉 로자먼드파이크
533,제보자,7.9,['드라마'],임순례,"['박해일', '이경영', '유연석']",드라마,임순례,박해일 이경영 유연석
534,피끓는 청춘,7.8,"['코미디', '로맨스', '멜로']",이연우,"['박보영', '이종석', '이세영', '김영광']",코미디 로맨스 멜로,이연우,박보영 이종석 이세영 김영광
535,두근두근 내 인생,6.4,['드라마'],이재용,"['강동원', '송혜교', '조성목']",드라마,이재용,강동원 송혜교 조성목
536,우아한 거짓말,8.3,['드라마'],이한,"['김희애', '고아성', '김유정', '김향기']",드라마,이한,김희애 고아성 김유정 김향기
537,300: 제국의 부활,5.8,"['액션', '드라마']",노암 머로,"['설리반 스태플턴', '에바 그린', '레나 헤디', '한스 매더슨', '로드리고 산토로']",액션 드라마,노암머로,설리반스태플턴 에바그린 레나헤디 한스매더슨 로드리고산토로
538,엑소더스: 신들과 왕들,5.6,"['드라마', '액션']",리들리 스콧,"['크리스찬 베일', '조엘 에저튼']",드라마 액션,리들리스콧,크리스찬베일 조엘에저튼
539,해무(海霧),6.6,['드라마'],심성보,"['김윤석', '박유천', '한예리', '문성근', '김상호', '유승목', '이희준']",드라마,심성보,김윤석 박유천 한예리 문성근 김상호 유승목 이희준
540,인간중독,6.1,"['로맨스', '멜로']",김대우,"['송승헌', '임지연']",로맨스 멜로,김대우,송승헌 임지연
541,말레피센트,8.0,['판타지'],로버트 스트롬버그,"['안젤리나 졸리', '엘르 패닝']",판타지,로버트스트롬버그,안젤리나졸리 엘르패닝
542,폼페이: 최후의 날,7.7,"['액션', '어드벤처']",폴 앤더슨,"['키트 해링턴', '캐리 앤 모스', '에밀리 브라우닝', '아데웰 아킨누오예 아바제', '제시카 루카스', '자레드 해리스', '키퍼 서덜랜드']",액션 어드벤처,폴앤더슨,키트해링턴 캐리앤모스 에밀리브라우닝 아데웰아킨누오예아바제 제시카루카스 자레드해리스 키퍼서덜랜드
543,퓨리,7.9,"['액션', '전쟁']",데이비드 에이어,"['브래드 피트', '로건 레먼', '샤이아 라보프', '마이클 페나', '존 번달']",액션 전쟁,데이비드에이어,브래드피트 로건레먼 샤이아라보프 마이클페나 존번달
544,드라큘라: 전설의 시작,7.3,"['판타지', '액션']",개리 쇼어,"['루크 에반스', '도미닉 쿠퍼']",판타지 액션,개리쇼어,루크에반스 도미닉쿠퍼
545,가디언즈 오브 갤럭시,8.0,"['액션', '어드벤처']",제임스 건,"['크리스 프랫', '조 샐다나', '데이브 바티스타', '빈 디젤', '브래들리 쿠퍼']",액션 어드벤처,제임스건,크리스프랫 조샐다나 데이브바티스타 빈디젤 브래들리쿠퍼
546,찌라시: 위험한 소문,7.7,"['범죄', '드라마']",김광식,"['김강우', '정진영']",범죄 드라마,김광식,김강우 정진영
547,빅매치,6.3,['액션'],최호,"['이정재', '신하균']",액션,최호,이정재 신하균
548,슬로우 비디오,7.3,['드라마'],김영탁,"['차태현', '남상미', '오달수']",드라마,김영탁,차태현 남상미 오달수
549,방황하는 칼날,7.1,['스릴러'],이정호,"['정재영', '이성민']",스릴러,이정호,정재영 이성민
550,베테랑,8.4,"['액션', '드라마']",류승완,"['황정민', '유아인']",액션 드라마,류승완,황정민 유아인
551,암살,8.5,"['액션', '드라마']",최동훈,"['전지현', '이정재', '하정우']",액션 드라마,최동훈,전지현 이정재 하정우
552,어벤져스: 에이지 오브 울트론,7.8,"['액션', '어드벤처', 'SF']",조스 웨던,"['로버트 다우니 주니어', '크리스 헴스워스', '마크 러팔로', '크리스 에반스', '스칼렛 요한슨']",액션 어드벤처 SF,조스웨던,로버트다우니주니어 크리스헴스워스 마크러팔로 크리스에반스 스칼렛요한슨
553,국제시장,7.1,['드라마'],윤제균,"['황정민', '김윤진', '오달수']",드라마,윤제균,황정민 김윤진 오달수
554,내부자들,8.2,"['범죄', '드라마']",우민호,"['이병헌', '조승우', '백윤식']",범죄 드라마,우민호,이병헌 조승우 백윤식
555,사도,7.8,['시대극'],이준익,"['송강호', '유아인', '문근영']",시대극,이준익,송강호 유아인 문근영
556,킹스맨 : 시크릿 에이전트,7.9,['스릴러'],매튜 본,"['콜린 퍼스', '태런 에저튼']",스릴러,매튜본,콜린퍼스 태런에저튼
557,미션 임파서블: 로그네이션,8.1,"['액션', '어드벤처']",크리스토퍼 맥쿼리,['톰 크루즈'],액션 어드벤처,크리스토퍼맥쿼리,톰크루즈
558,연평해전,6.6,['드라마'],김학순,"['김무열', '진구', '이현우']",드라마,김학순,김무열 진구 이현우
559,쥬라기 월드,6.7,"['액션', '어드벤처', 'SF']",콜린 트레보로우,"['크리스 프랫', '브라이스 달라스 하워드']",액션 어드벤처 SF,콜린트레보로우,크리스프랫 브라이스달라스하워드
560,검은 사제들,7.4,"['미스터리', '드라마']",장재현,"['김윤석', '강동원']",미스터리 드라마,장재현,김윤석 강동원
561,히말라야,6.6,['드라마'],이석훈,"['황정민', '정우']",드라마,이석훈,황정민 정우
562,인사이드 아웃,8.4,"['애니메이션', '어드벤처', '코미디']",피트 닥터,"['에이미 포엘러', '필리스 스미스', '리차드 카인드', '빌 헤이더', '루이스 블랙', '민디 캘링', '케이틀린 디아스']",애니메이션 어드벤처 코미디,피트닥터,에이미포엘러 필리스스미스 리차드카인드 빌헤이더 루이스블랙 민디캘링 케이틀린디아스
563,마션,7.3,"['어드벤처', 'SF']",리들리 스콧,"['맷 데이먼', '제시카 차스테인']",어드벤처 SF,리들리스콧,맷데이먼 제시카차스테인
564,조선명탐정 : 사라진 놉의 딸,7.1,"['코미디', '어드벤처']",김석윤,"['김명민', '오달수', '이연희']",코미디 어드벤처,김석윤,김명민 오달수 이연희
565,매드 맥스: 분노의 도로,8.6,"['액션', '어드벤처', 'SF']",조지 밀러,"['톰 하디', '니콜라스 홀트', '샤를리즈 테론']",액션 어드벤처 SF,조지밀러,톰하디 니콜라스홀트 샤를리즈테론
566,인턴,8.0,['코미디'],낸시 마이어스,"['앤 해서웨이', '로버트 드 니로']",코미디,낸시마이어스,앤해서웨이 로버트드니로
567,분노의 질주: 더 세븐,8.8,['액션'],제임스 완,"['빈 디젤', '폴 워커', '드웨인 존슨', '제이슨 스타뎀']",액션,제임스완,빈디젤 폴워커 드웨인존슨 제이슨스타뎀
568,터미네이터 제니시스,5.9,"['액션', '어드벤처', 'SF']",알랜 테일러,"['아놀드 슈왈제네거', '제이슨 클락', '에밀리아 클라크', '제이 코트니']",액션 어드벤처 SF,알랜테일러,아놀드슈왈제네거 제이슨클락 에밀리아클라크 제이코트니
569,스물,7.2,['코미디'],이병헌,"['김우빈', '준호', '강하늘']",코미디,이병헌,김우빈 준호 강하늘
570,극비수사,7.7,"['드라마', '범죄']",곽경택,"['김윤석', '유해진']",드라마 범죄,곽경택,김윤석 유해진
571,앤트맨,7.9,"['액션', '어드벤처']",페이튼 리드,"['폴 러드', '마이클 더글라스', '에반젤린 릴리']",액션 어드벤처,페이튼리드,폴러드 마이클더글라스 에반젤린릴리
572,스타워즈: 깨어난 포스,7.3,"['액션', '어드벤처', '판타지']",J.J. 에이브람스,"['데이지 리들리', '존 보예가', '오스카 아이삭']",액션 어드벤처 판타지,J.J.에이브람스,데이지리들리 존보예가 오스카아이삭
573,빅 히어로,7.8,"['애니메이션', '액션', '코미디']",돈 할,"['라이언 포터', '스캇 애짓', '다니엘 헤니']",애니메이션 액션 코미디,돈할,라이언포터 스캇애짓 다니엘헤니
574,메이즈 러너: 스코치 트라이얼,6.6,"['액션', 'SF', '스릴러']",웨스 볼,"['딜런 오브라이언', '이기홍', '카야 스코델라리오', '토마스 생스터']",액션 SF 스릴러,웨스볼,딜런오브라이언 이기홍 카야스코델라리오 토마스생스터
575,탐정 : 더 비기닝,7.4,"['코미디', '범죄', '스릴러']",김정훈,"['권상우', '성동일']",코미디 범죄 스릴러,김정훈,권상우 성동일
576,미니언즈,7.4,"['애니메이션', '코미디', '가족']",피에르 코팽,"['산드라 블록', '존 햄', '마이클 키튼', '피에르 코팽', '남도형', '박신희', '김혜진', '엄상현']",애니메이션 코미디 가족,피에르코팽,산드라블록 존햄 마이클키튼 피에르코팽 남도형 박신희 김혜진 엄상현
577,스파이,7.7,"['액션', '코미디']",폴 페이그,"['주드 로', '제이슨 스타뎀', '멜리사 맥카시']",액션 코미디,폴페이그,주드로 제이슨스타뎀 멜리사맥카시
578,악의 연대기,7.2,['스릴러'],백운학,['손현주'],스릴러,백운학,손현주
579,강남 1970,7.1,"['액션', '드라마']",유하,"['이민호', '김래원']",액션 드라마,유하,이민호 김래원
580,뷰티 인사이드,6.9,"['로맨스', '멜로']",백종열,['한효주'],로맨스 멜로,백종열,한효주
581,오늘의 연애,6.6,"['로맨스', '멜로', '코미디']",박진표,"['이승기', '문채원', '정준영']",로맨스 멜로 코미디,박진표,이승기 문채원 정준영
582,테이큰 3,6.4,"['액션', '범죄', '스릴러']",올리비에 메가톤,"['리암 니슨', '팜케 얀센', '매기 그레이스']",액션 범죄 스릴러,올리비에메가톤,리암니슨 팜케얀센 매기그레이스
583,007 스펙터,6.3,"['액션', '범죄', '스릴러']",샘 멘데스,"['다니엘 크레이그', '레아 세두', '크리스토프 왈츠', '모니카 벨루치']",액션 범죄 스릴러,샘멘데스,다니엘크레이그 레아세두 크리스토프왈츠 모니카벨루치
584,이미테이션 게임,8.1,"['드라마', '스릴러']",모튼 틸덤,"['베네딕트 컴버배치', '키이라 나이틀리', '매튜 구드']",드라마 스릴러,모튼틸덤,베네딕트컴버배치 키이라나이틀리 매튜구드
585,샌 안드레아스,6.9,"['액션', '스릴러']",브래드 페이튼,"['드웨인 존슨', '칼라 구기노', '알렉산드라 다다리오']",액션 스릴러,브래드페이튼,드웨인존슨 칼라구기노 알렉산드라다다리오
586,쎄시봉,3.9,"['로맨스', '멜로', '코미디']",김현석,"['김윤석', '정우', '김희애', '한효주', '장현성', '진구']",로맨스 멜로 코미디,김현석,김윤석 정우 김희애 한효주 장현성 진구
587,더 폰,5.9,"['액션', '스릴러']",김봉주,"['손현주', '엄지원', '배성우']",액션 스릴러,김봉주,손현주 엄지원 배성우
588,위플래쉬,8.4,['드라마'],데미안 셔젤,"['마일스 텔러', 'J. K. 시몬스']",드라마,데미안셔젤,마일스텔러 J.K.시몬스
589,대호,7.7,['시대극'],박훈정,['최민식'],시대극,박훈정,최민식
590,마다가스카의 펭귄,7.5,"['애니메이션', '어드벤처', '코미디']",에릭 다넬,"['톰 맥그래스', '크리스 밀러', '콘래드 버논', '크리스토퍼 나이츠', '존 말코비치', '베네딕트 컴버배치', '피터 스토메어', '켄 정', '애넷 마헨드루', '장광', '고성일', '정재헌', '엄상현', '하성용', '전태열', '방성준', '박신희', '이장원']",애니메이션 어드벤처 코미디,에릭다넬,톰맥그래스 크리스밀러 콘래드버논 크리스토퍼나이츠 존말코비치 베네딕트컴버배치 피터스토메어 켄정 애넷마헨드루 장광 고성일 정재헌 엄상현 하성용 전태열 방성준 박신희 이장원
591,차이나타운,6.5,"['범죄', '드라마']",한준희,"['김혜수', '김고은']",범죄 드라마,한준희,김혜수 김고은
592,장수상회,8.1,['가족'],강제규,"['박근형', '윤여정']",가족,강제규,박근형 윤여정
593,성난 변호사,6.8,"['범죄', '액션']",허종호,"['이선균', '김고은', '임원희']",범죄 액션,허종호,이선균 김고은 임원희
594,간신,6.3,"['시대극', '드라마']",민규동,"['주지훈', '김강우', '천호진', '임지연', '이유영']",시대극 드라마,민규동,주지훈 김강우 천호진 임지연 이유영
595,박물관이 살아있다 : 비밀의 무덤,7.2,"['어드벤처', '코미디', '가족']",숀 레비,['벤 스틸러'],어드벤처 코미디 가족,숀레비,벤스틸러
596,그놈이다,6.5,['스릴러'],윤준형,"['주원', '유해진', '이유영']",스릴러,윤준형,주원 유해진 이유영
597,미쓰 와이프,8.3,['코미디'],강효진,"['엄정화', '송승헌']",코미디,강효진,엄정화 송승헌
598,몬스터 호텔 2,7.4,"['애니메이션', '코미디', '가족']",젠디 타타코브스키,"['컬투', '아담 샌들러', '셀레나 고메즈', '앤디 샘버그', '케빈 제임스', '스티브 부세미']",애니메이션 코미디 가족,젠디타타코브스키,컬투 아담샌들러 셀레나고메즈 앤디샘버그 케빈제임스 스티브부세미
599,허삼관,7.2,['드라마'],하정우,"['하정우', '하지원']",드라마,하정우,하정우 하지원
600,부산행,7.3,"['액션', '스릴러']",연상호,"['공유', '정유미', '마동석', '김수안', '김의성', '최우식', '안소희']",액션 스릴러,연상호,공유 정유미 마동석 김수안 김의성 최우식 안소희
601,검사외전,6.4,"['범죄', '코미디']",이일형,"['황정민', '강동원']",범죄 코미디,이일형,황정민 강동원
602,캡틴 아메리카: 시빌 워,8.1,"['액션', 'SF', '스릴러']",안소니 루소,"['크리스 에반스', '로버트 다우니 주니어']",액션 SF 스릴러,안소니루소,크리스에반스 로버트다우니주니어
603,밀정,7.7,"['액션', '시대극', '스릴러']",김지운,"['송강호', '공유']",액션 시대극 스릴러,김지운,송강호 공유
604,터널,7.2,['드라마'],김성훈,"['하정우', '배두나', '오달수']",드라마,김성훈,하정우 배두나 오달수
605,인천상륙작전,5.5,['전쟁'],이재한,"['이정재', '이범수', '리암 니슨', '진세연']",전쟁,이재한,이정재 이범수 리암니슨 진세연
606,럭키,7.0,['코미디'],이계벽,"['유해진', '이준', '조윤희', '임지연']",코미디,이계벽,유해진 이준 조윤희 임지연
607,곡성,7.2,"['미스터리', '스릴러', '드라마']",나홍진,"['곽도원', '황정민', '쿠니무라 준', '천우희', '김환희']",미스터리 스릴러 드라마,나홍진,곽도원 황정민 쿠니무라준 천우희 김환희
608,덕혜옹주,7.3,"['시대극', '드라마']",허진호,"['손예진', '박해일']",시대극 드라마,허진호,손예진 박해일
609,닥터 스트레인지,8.0,"['어드벤처', '판타지', '액션', 'SF']",스콧 데릭슨,"['베네딕트 컴버배치', '레이첼 맥아담스', '틸다 스윈튼', '매즈 미켈슨', '치웨텔 에지오포']",어드벤처 판타지 액션 SF,스콧데릭슨,베네딕트컴버배치 레이첼맥아담스 틸다스윈튼 매즈미켈슨 치웨텔에지오포
610,마스터,7.1,"['범죄', '액션']",조의석,"['이병헌', '강동원', '김우빈']",범죄 액션,조의석,이병헌 강동원 김우빈
611,주토피아,8.4,"['애니메이션', '액션', '어드벤처']",바이런 하워드,"['지니퍼 굿윈', '제이슨 베이트먼']",애니메이션 액션 어드벤처,바이런하워드,지니퍼굿윈 제이슨베이트먼
612,신비한 동물사전,6.9,"['판타지', '어드벤처', '가족']",데이빗 예이츠,"['에디 레드메인', '캐서린 워터스톤', '콜린 파렐']",판타지 어드벤처 가족,데이빗예이츠,에디레드메인 캐서린워터스톤 콜린파렐
613,판도라,7.7,"['드라마', '스릴러']",박정우,"['김남길', '김영애', '문정희', '정진영']",드라마 스릴러,박정우,김남길 김영애 문정희 정진영
614,아가씨,6.8,"['스릴러', '드라마']",박찬욱,"['김민희', '김태리', '하정우']",스릴러 드라마,박찬욱,김민희 김태리 하정우
615,쿵푸팬더3,7.6,"['애니메이션', '액션', '어드벤처']",여인영,"['잭 블랙', '안젤리나 졸리', '더스틴 호프만']",애니메이션 액션 어드벤처,여인영,잭블랙 안젤리나졸리 더스틴호프만
616,귀향,9.7,['드라마'],조정래,"['강하나', '최리', '손숙', '백수련', '정무성', '서미지', '류신', '임성철', '오지혜', '정인기', '김민수', '이승현']",드라마,조정래,강하나 최리 손숙 백수련 정무성 서미지 류신 임성철 오지혜 정인기 김민수 이승현
617,데드풀,6.8,"['액션', 'SF']",팀 밀러,['라이언 레이놀즈'],액션 SF,팀밀러,라이언레이놀즈
618,나우 유 씨 미 2,6.8,"['범죄', '액션']",존 추,"['제시 아이젠버그', '마크 러팔로', '우디 해럴슨', '데이브 프랭코', '리지 캐플란']",범죄 액션,존추,제시아이젠버그 마크러팔로 우디해럴슨 데이브프랭코 리지캐플란
619,형,7.3,"['코미디', '드라마']",권수경,"['조정석', '디오', '박신혜']",코미디 드라마,권수경,조정석 디오 박신혜
620,엑스맨: 아포칼립스,6.9,"['액션', '어드벤처', '판타지', 'SF']",브라이언 싱어,"['제임스 맥어보이', '마이클 패스벤더', '제니퍼 로렌스', '오스카 아이삭', '니콜라스 홀트']",액션 어드벤처 판타지 SF,브라이언싱어,제임스맥어보이 마이클패스벤더 제니퍼로렌스 오스카아이삭 니콜라스홀트
621,미스 페레그린과 이상한 아이들의 집,7.9,"['미스터리', '판타지']",팀 버튼,"['에바 그린', '에이사 버터필드', '엘라 퍼넬']",미스터리 판타지,팀버튼,에바그린 에이사버터필드 엘라퍼넬
622,히말라야,6.6,['드라마'],이석훈,"['황정민', '정우']",드라마,이석훈,황정민 정우
623,제이슨 본,7.6,"['액션', '스릴러']",폴 그린그래스,['맷 데이먼'],액션 스릴러,폴그린그래스,맷데이먼
624,도리를 찾아서,6.7,"['애니메이션', '어드벤처', '코미디']",앤드류 스탠튼,"['엘렌 드제네레스', '헤이든 롤렌스', '알버트 브룩스']",애니메이션 어드벤처 코미디,앤드류스탠튼,엘렌드제네레스 헤이든롤렌스 알버트브룩스
625,아수라,6.6,"['범죄', '액션']",김성수,"['정우성', '황정민', '주지훈']",범죄 액션,김성수,정우성 황정민 주지훈
626,정글북,6.8,"['어드벤처', '드라마']",존 파브로,['닐 세티'],어드벤처 드라마,존파브로,닐세티
627,마이펫의 이중생활,6.7,"['애니메이션', '코미디', '가족']",크리스 리노드,"['엄상현', '최석필', '루이스 C.K.', '에릭 스톤스트릿', '케빈 하트']",애니메이션 코미디 가족,크리스리노드,엄상현 최석필 루이스C.K. 에릭스톤스트릿 케빈하트
628,라라랜드,8.0,"['로맨스', '멜로', '뮤지컬']",데미안 셔젤,"['라이언 고슬링', '엠마 스톤']",로맨스 멜로 뮤지컬,데미안셔젤,라이언고슬링 엠마스톤
629,배트맨 대 슈퍼맨: 저스티스의 시작,6.1,"['액션', '어드벤처', '판타지']",잭 스나이더,"['벤 애플렉', '헨리 카빌']",액션 어드벤처 판타지,잭스나이더,벤애플렉 헨리카빌
630,굿바이 싱글,7.5,['코미디'],김태곤,"['김혜수', '마동석', '김현수']",코미디,김태곤,김혜수 마동석 김현수
631,봉이 김선달,6.7,"['코미디', '어드벤처']",박대민,"['유승호', '조재현', '고창석', '라미란', '시우민']",코미디 어드벤처,박대민,유승호 조재현 고창석 라미란 시우민
632,레버넌트: 죽음에서 돌아온 자,7.3,['어드벤처'],알레한드로 곤잘레스 이냐리투,"['레오나르도 디카프리오', '톰 하디']",어드벤처,알레한드로곤잘레스이냐리투,레오나르도디카프리오 톰하디
633,컨저링 2,7.5,['공포'],제임스 완,"['베라 파미가', '패트릭 윌슨']",공포,제임스완,베라파미가 패트릭윌슨
634,내부자들: 디 오리지널,9.0,"['범죄', '드라마']",우민호,"['이병헌', '조승우', '백윤식']",범죄 드라마,우민호,이병헌 조승우 백윤식
635,수어사이드 스쿼드,5.6,"['액션', '어드벤처']",데이비드 에이어,"['윌 스미스', '자레드 레토', '마고 로비', '스콧 이스트우드', '카라 델러비인', '제이 코트니']",액션 어드벤처,데이비드에이어,윌스미스 자레드레토 마고로비 스콧이스트우드 카라델러비인 제이코트니
636,인디펜던스 데이 : 리써전스,6.0,"['액션', 'SF']",롤랜드 에머리히,"['빌 풀먼', '리암 헴스워스', '제프 골드블럼', '비비카 A. 폭스', '제시 어셔']",액션 SF,롤랜드에머리히,빌풀먼 리암헴스워스 제프골드블럼 비비카A.폭스 제시어셔
637,탐정 홍길동: 사라진 마을,7.4,"['드라마', '액션']",조성희,"['이제훈', '김성균']",드라마 액션,조성희,이제훈 김성균
638,벤허,7.3,"['어드벤처', '드라마']",티무르 베크맘베토브,"['잭 휴스턴', '토비 켑벨', '모건 프리먼', '로드리고 산토로', '나자닌 보니아디']",어드벤처 드라마,티무르베크맘베토브,잭휴스턴 토비켑벨 모건프리먼 로드리고산토로 나자닌보니아디
639,굿 다이노,8.1,"['애니메이션', '어드벤처', '코미디']",피터 손,"['레이몬드 오초아', '잭 브라이트']",애니메이션 어드벤처 코미디,피터손,레이몬드오초아 잭브라이트
640,셜록: 유령신부,5.7,"['범죄', '드라마']",더글라스 맥키넌,"['베네딕트 컴버배치', '마틴 프리먼']",범죄 드라마,더글라스맥키넌,베네딕트컴버배치 마틴프리먼
641,특별수사: 사형수의 편지,7.6,"['범죄', '드라마']",권종관,"['김명민', '김상호']",범죄 드라마,권종관,김명민 김상호
642,시간이탈자,6.7,['스릴러'],곽재용,"['임수정', '조정석', '이진욱']",스릴러,곽재용,임수정 조정석 이진욱
643,동주,8.9,['드라마'],이준익,"['강하늘', '박정민']",드라마,이준익,강하늘 박정민
644,워크래프트: 전쟁의 서막,8.1,"['액션', '어드벤처']",던칸 존스,"['트래비스 핌멜', '벤 포스터', '폴라 패튼', '도미닉 쿠퍼', '클랜시 브라운', '토비 켑벨']",액션 어드벤처,던칸존스,트래비스핌멜 벤포스터 폴라패튼 도미닉쿠퍼 클랜시브라운 토비켑벨
645,스타트렉 비욘드,7.2,"['액션', '어드벤처', 'SF', '스릴러']",저스틴 린,"['크리스 파인', '재커리 퀸토', '칼 어번', '조 샐다나', '사이먼 페그']",액션 어드벤처 SF 스릴러,저스틴린,크리스파인 재커리퀸토 칼어번 조샐다나 사이먼페그
646,미씽: 사라진 여자,7.6,['미스터리'],이언희,"['엄지원', '공효진']",미스터리,이언희,엄지원 공효진
647,"당신, 거기 있어줄래요",8.2,"['판타지', '드라마']",홍지영,"['김윤석', '변요한', '채서진']",판타지 드라마,홍지영,김윤석 변요한 채서진
648,라이트 아웃,6.6,['공포'],데이비드 F. 샌드버그,"['테레사 팔머', '가브리엘 베이트먼']",공포,데이비드F.샌드버그,테레사팔머 가브리엘베이트먼
649,오빠생각,8.1,"['드라마', '전쟁']",이한,"['임시완', '정준원', '이레', '고아성', '이희준']",드라마 전쟁,이한,임시완 정준원 이레 고아성 이희준
650,택시운전사,9.0,['드라마'],장훈,"['송강호', '토마스 크레취만', '유해진', '류준열']",드라마,장훈,송강호 토마스크레취만 유해진 류준열
651,신과함께-죄와 벌,7.0,['드라마'],김용화,"['하정우', '차태현', '주지훈', '김향기', '김동욱', '마동석']",드라마,김용화,하정우 차태현 주지훈 김향기 김동욱 마동석
652,공조,7.2,['액션'],김성훈,"['현빈', '유해진', '김주혁']",액션,김성훈,현빈 유해진 김주혁
653,스파이더맨: 홈 커밍,8.1,"['액션', '어드벤처', '판타지', 'SF']",존 왓츠,"['톰 홀랜드', '로버트 다우니 주니어', '마이클 키튼']",액션 어드벤처 판타지 SF,존왓츠,톰홀랜드 로버트다우니주니어 마이클키튼
654,범죄도시,8.3,"['범죄', '액션']",강윤성,"['마동석', '윤계상']",범죄 액션,강윤성,마동석 윤계상
655,군함도,6.6,"['액션', '드라마']",류승완,"['황정민', '소지섭', '송중기', '이정현', '김수안']",액션 드라마,류승완,황정민 소지섭 송중기 이정현 김수안
656,청년경찰,6.7,['액션'],김주환,"['박서준', '강하늘']",액션,김주환,박서준 강하늘
657,더 킹,7.4,"['범죄', '드라마']",한재림,"['조인성', '정우성', '배성우', '류준열', '김의성']",범죄 드라마,한재림,조인성 정우성 배성우 류준열 김의성
658,미녀와 야수,6.9,"['판타지', '뮤지컬', '로맨스', '멜로']",빌 콘돈,"['엠마 왓슨', '댄 스티븐스', '루크 에반스']",판타지 뮤지컬 로맨스 멜로,빌콘돈,엠마왓슨 댄스티븐스 루크에반스
659,킹스맨: 골든 서클,6.5,"['액션', '어드벤처', '코미디']",매튜 본,"['콜린 퍼스', '줄리안 무어', '태런 에저튼']",액션 어드벤처 코미디,매튜본,콜린퍼스 줄리안무어 태런에저튼
660,토르: 라그나로크,6.9,"['액션', '판타지']",타이카 와이티티,"['크리스 헴스워스', '톰 히들스턴', '케이트 블란쳇']",액션 판타지,타이카와이티티,크리스헴스워스 톰히들스턴 케이트블란쳇
661,꾼,6.6,['범죄'],장창원,"['현빈', '유지태', '배성우', '박성웅', '나나', '안세하']",범죄,장창원,현빈 유지태 배성우 박성웅 나나 안세하
662,강철비,8.5,"['액션', '드라마']",양우석,"['정우성', '곽도원']",액션 드라마,양우석,정우성 곽도원
663,남한산성,7.3,['드라마'],황동혁,"['이병헌', '김윤석', '박해일', '고수', '박희순']",드라마,황동혁,이병헌 김윤석 박해일 고수 박희순
664,미이라,6.3,"['액션', '어드벤처', '판타지']",알렉스 커츠만,"['톰 크루즈', '러셀 크로우', '소피아 부텔라', '애나벨 월리스']",액션 어드벤처 판타지,알렉스커츠만,톰크루즈 러셀크로우 소피아부텔라 애나벨월리스
665,분노의 질주: 더 익스트림,8.4,"['액션', '범죄', '스릴러']",F. 게리 그레이,"['빈 디젤', '드웨인 존슨', '제이슨 스타뎀', '샤를리즈 테론']",액션 범죄 스릴러,F.게리그레이,빈디젤 드웨인존슨 제이슨스타뎀 샤를리즈테론
666,너의 이름은.,7.8,"['애니메이션', '드라마', '로맨스', '멜로']",신카이 마코토,"['카미키 류노스케', '카미시라이시 모네']",애니메이션 드라마 로맨스 멜로,신카이마코토,카미키류노스케 카미시라이시모네
667,슈퍼배드 3,8.1,"['애니메이션', '액션', '어드벤처', '코미디']",피에르 코팽,"['스티브 카렐', '크리스튼 위그', '트레이 파커']",애니메이션 액션 어드벤처 코미디,피에르코팽,스티브카렐 크리스튼위그 트레이파커
668,아이 캔 스피크,9.4,['드라마'],김현석,"['나문희', '이제훈']",드라마,김현석,나문희 이제훈
669,캐리비안의 해적: 죽은 자는 말이 없다,7.2,"['액션', '어드벤처', '코미디']",요아킴 뢰닝,"['조니 뎁', '하비에르 바르뎀', '제프리 러쉬', '브렌튼 스웨이츠', '카야 스코델라리오']",액션 어드벤처 코미디,요아킴뢰닝,조니뎁 하비에르바르뎀 제프리러쉬 브렌튼스웨이츠 카야스코델라리오
670,프리즌,7.2,"['범죄', '액션']",나현,"['한석규', '김래원']",범죄 액션,나현,한석규 김래원
671,덩케르크,7.5,['액션'],크리스토퍼 놀란,"['톰 하디', '마크 라이런스', '케네스 브래너', '킬리언 머피', '핀 화이트헤드']",액션,크리스토퍼놀란,톰하디 마크라이런스 케네스브래너 킬리언머피 핀화이트헤드
672,가디언즈 오브 갤럭시 VOL. 2,8.2,"['SF', '액션']",제임스 건,"['크리스 프랫', '조 샐다나']",SF 액션,제임스건,크리스프랫 조샐다나
673,살인자의 기억법,6.8,"['범죄', '스릴러']",원신연,"['설경구', '김남길', '설현', '오달수']",범죄 스릴러,원신연,설경구 김남길 설현 오달수
674,트랜스포머: 최후의 기사,5.5,"['액션', '어드벤처', 'SF']",마이클 베이,"['마크 월버그', '안소니 홉킨스', '로라 하독', '조쉬 더하멜']",액션 어드벤처 SF,마이클베이,마크월버그 안소니홉킨스 로라하독 조쉬더하멜
675,보안관,6.8,"['범죄', '코미디']",김형주,"['이성민', '조진웅', '김성균']",범죄 코미디,김형주,이성민 조진웅 김성균
676,조작된 도시,8.0,"['범죄', '액션']",배종,"['지창욱', '심은경']",범죄 액션,배종,지창욱 심은경
677,보스 베이비,7.5,"['애니메이션', '코미디', '가족']",톰 맥그래스,"['알렉 볼드윈', '스티브 부세미', '토비 맥과이어', '마일즈 크리스토퍼 바크시', '이현', '이장원', '문서윤']",애니메이션 코미디 가족,톰맥그래스,알렉볼드윈 스티브부세미 토비맥과이어 마일즈크리스토퍼바크시 이현 이장원 문서윤
678,재심,8.2,['드라마'],김태윤,"['정우', '강하늘', '김해숙']",드라마,김태윤,정우 강하늘 김해숙
679,박열,7.9,['시대극'],이준익,"['이제훈', '최희서', '김인우']",시대극,이준익,이제훈 최희서 김인우
680,모아나,8.5,"['애니메이션', '액션', '어드벤처', '코미디', '가족', '판타지']",론 클레멘츠,"['드웨인 존슨', '아우이 크라발호']",애니메이션 액션 어드벤처 코미디 가족 판타지,론클레멘츠,드웨인존슨 아우이크라발호
681,마스터,7.1,"['범죄', '액션']",조의석,"['이병헌', '강동원', '김우빈']",범죄 액션,조의석,이병헌 강동원 김우빈
682,로건,8.2,"['액션', 'SF']",제임스 맨골드,['휴 잭맨'],액션 SF,제임스맨골드,휴잭맨
683,원더 우먼,6.7,"['액션', '어드벤처', '판타지', 'SF']",패티 젠킨스,"['갤 가돗', '크리스 파인']",액션 어드벤처 판타지 SF,패티젠킨스,갤가돗 크리스파인
684,겟 아웃,7.5,['공포'],조던 필,"['다니엘 칼루유야', '앨리슨 윌리엄스', '브래드리 휘트포드', '캐서린 키너']",공포,조던필,다니엘칼루유야 앨리슨윌리엄스 브래드리휘트포드 캐서린키너
685,혹성탈출: 종의 전쟁,6.5,"['액션', 'SF', '어드벤처']",매트 리브스,"['앤디 서키스', '우디 해럴슨']",액션 SF 어드벤처,매트리브스,앤디서키스 우디해럴슨
686,1987,9.5,['드라마'],장준환,"['김윤석', '하정우', '유해진', '김태리', '박희순', '이희준']",드라마,장준환,김윤석 하정우 유해진 김태리 박희순 이희준
687,애나벨 : 인형의 주인,5.9,"['공포', '스릴러', '미스터리']",데이비드 F. 샌드버그,"['스테파니 시그만', '탈리사 베이트먼', '루루 윌슨']",공포 스릴러 미스터리,데이비드F.샌드버그,스테파니시그만 탈리사베이트먼 루루윌슨
688,노무현입니다,9.5,['다큐멘터리'],이창재,X,다큐멘터리,이창재,X
689,저스티스 리그,6.9,"['액션', '어드벤처', '판타지', 'SF']",잭 스나이더,"['벤 애플렉', '갤 가돗', '제이슨 모모아', '레이 피셔', '에즈라 밀러', '헨리 카빌']",액션 어드벤처 판타지 SF,잭스나이더,벤애플렉 갤가돗 제이슨모모아 레이피셔 에즈라밀러 헨리카빌
690,킬러의 보디가드,7.3,"['액션', '코미디']",패트릭 휴즈,"['라이언 레이놀즈', '사무엘 L. 잭슨']",액션 코미디,패트릭휴즈,라이언레이놀즈 사무엘L.잭슨
691,콩: 스컬 아일랜드,6.5,"['액션', '어드벤처', '판타지', 'SF']",조던 보트-로버츠,"['톰 히들스턴', '사무엘 L. 잭슨', '존 굿맨', '브리 라슨']",액션 어드벤처 판타지 SF,조던보트-로버츠,톰히들스턴 사무엘L.잭슨 존굿맨 브리라슨
692,23 아이덴티티,6.7,['스릴러'],M. 나이트 샤말란,['제임스 맥어보이'],스릴러,M.나이트샤말란,제임스맥어보이
693,임금님의 사건수첩,7.1,"['코미디', '어드벤처', '액션']",문현성,"['이선균', '안재홍']",코미디 어드벤처 액션,문현성,이선균 안재홍
694,부라더,6.8,['코미디'],장유정,"['마동석', '이동휘', '이하늬']",코미디,장유정,마동석 이동휘 이하늬
695,기억의 밤,7.8,"['미스터리', '스릴러']",장항준,"['강하늘', '김무열']",미스터리 스릴러,장항준,강하늘 김무열
696,해피 데스데이,7.4,"['공포', '미스터리', '스릴러']",크리스토퍼 랜던,"['제시카 로테', '이스라엘 브루사드']",공포 미스터리 스릴러,크리스토퍼랜던,제시카로테 이스라엘브루사드
697,브이아이피,6.0,"['액션', '범죄', '스릴러']",박훈정,"['김명민', '장동건', '박희순', '이종석']",액션 범죄 스릴러,박훈정,김명민 장동건 박희순 이종석
698,특별시민,6.4,['드라마'],박인제,"['최민식', '곽도원', '심은경']",드라마,박인제,최민식 곽도원 심은경
699,에이리언: 커버넌트,7.0,"['공포', 'SF', '스릴러']",리들리 스콧,"['마이클 패스벤더', '캐서린 워터스톤']",공포 SF 스릴러,리들리스콧,마이클패스벤더 캐서린워터스톤
700,신과함께-인과 연,6.8,"['판타지', '드라마']",김용화,"['하정우', '주지훈', '김향기', '마동석', '김동욱']",판타지 드라마,김용화,하정우 주지훈 김향기 마동석 김동욱
701,어벤져스: 인피니티 워,7.6,"['액션', 'SF', '어드벤처', '판타지']",안소니 루소,"['로버트 다우니 주니어', '조슈 브롤린', '마크 러팔로', '톰 히들스턴', '크리스 에반스', '크리스 헴스워스', '제레미 레너', '스칼렛 요한슨']",액션 SF 어드벤처 판타지,안소니루소,로버트다우니주니어 조슈브롤린 마크러팔로 톰히들스턴 크리스에반스 크리스헴스워스 제레미레너 스칼렛요한슨
702,보헤미안 랩소디,9.0,['드라마'],브라이언 싱어,"['라미 말렉', '루시 보인턴', '귈림 리', '벤 하디', '조셉 마젤로']",드라마,브라이언싱어,라미말렉 루시보인턴 귈림리 벤하디 조셉마젤로
703,미션 임파서블: 폴아웃,8.1,"['액션', '스릴러']",크리스토퍼 맥쿼리,['톰 크루즈'],액션 스릴러,크리스토퍼맥쿼리,톰크루즈
704,신과함께-죄와 벌,7.0,['드라마'],김용화,"['하정우', '차태현', '주지훈', '김향기', '김동욱', '마동석']",드라마,김용화,하정우 차태현 주지훈 김향기 김동욱 마동석
705,쥬라기 월드: 폴른 킹덤,7.1,"['액션', '어드벤처', 'SF']",후안 안토니오 바요나,"['크리스 프랫', '브라이스 달라스 하워드']",액션 어드벤처 SF,후안안토니오바요나,크리스프랫 브라이스달라스하워드
706,앤트맨과 와스프,7.4,"['액션', '어드벤처', 'SF']",페이튼 리드,"['폴 러드', '에반젤린 릴리']",액션 어드벤처 SF,페이튼리드,폴러드 에반젤린릴리
707,안시성,7.6,"['시대극', '액션']",김광식,"['조인성', '남주혁', '박성웅']",시대극 액션,김광식,조인성 남주혁 박성웅
708,블랙 팬서,6.1,"['액션', 'SF', '드라마']",라이언 쿠글러,"['채드윅 보스만', '마이클 B. 조던', '루피타 뇽오']",액션 SF 드라마,라이언쿠글러,채드윅보스만 마이클B.조던 루피타뇽오
709,완벽한 타인,7.5,"['코미디', '드라마']",이재규,"['유해진', '조진웅', '이서진', '염정아', '김지수', '송하윤', '윤경호']",코미디 드라마,이재규,유해진 조진웅 이서진 염정아 김지수 송하윤 윤경호
710,1987,9.5,['드라마'],장준환,"['김윤석', '하정우', '유해진', '김태리', '박희순', '이희준']",드라마,장준환,김윤석 하정우 유해진 김태리 박희순 이희준
711,독전,6.5,"['범죄', '액션']",이해영,"['조진웅', '류준열', '김성령', '박해준', '차승원', '김주혁']",범죄 액션,이해영,조진웅 류준열 김성령 박해준 차승원 김주혁
712,공작,8.3,['드라마'],윤종빈,"['황정민', '이성민', '조진웅', '주지훈']",드라마,윤종빈,황정민 이성민 조진웅 주지훈
713,베놈,7.2,"['액션', 'SF', '스릴러']",루벤 플레셔,"['톰 하디', '미셀 윌리엄스']",액션 SF 스릴러,루벤플레셔,톰하디 미셀윌리엄스
714,암수살인,7.5,['범죄'],김태균,"['김윤석', '주지훈']",범죄,김태균,김윤석 주지훈
715,데드풀 2,6.8,"['액션', '어드벤처', '코미디', 'SF']",데이비드 레이치,"['라이언 레이놀즈', '조슈 브롤린', '모레나 바카린', '재지 비츠', '줄리안 데니슨']",액션 어드벤처 코미디 SF,데이비드레이치,라이언레이놀즈 조슈브롤린 모레나바카린 재지비츠 줄리안데니슨
716,국가부도의 날,8.1,['드라마'],최국희,"['김혜수', '유아인', '허준호', '조우진']",드라마,최국희,김혜수 유아인 허준호 조우진
717,코코,8.9,"['애니메이션', '어드벤처', '코미디', '뮤지컬', '가족', '미스터리']",리 언크리치,"['가엘 가르시아 베르날', '안소니 곤잘레스', '벤자민 브랫', '르네 빅터']",애니메이션 어드벤처 코미디 뮤지컬 가족 미스터리,리언크리치,가엘가르시아베르날 안소니곤잘레스 벤자민브랫 르네빅터
718,아쿠아맨,7.5,['액션'],제임스 완,"['제이슨 모모아', '앰버 허드', '니콜 키드먼', '패트릭 윌슨']",액션,제임스완,제이슨모모아 앰버허드 니콜키드먼 패트릭윌슨
719,그것만이 내 세상,8.7,"['코미디', '드라마']",최성현,"['이병헌', '윤여정', '박정민']",코미디 드라마,최성현,이병헌 윤여정 박정민
720,마녀,8.0,"['미스터리', '액션']",박훈정,"['김다미', '조민수', '박희순', '최우식']",미스터리 액션,박훈정,김다미 조민수 박희순 최우식
721,탐정: 리턴즈,7.4,"['코미디', '범죄']",이언희,"['권상우', '성동일', '이광수']",코미디 범죄,이언희,권상우 성동일 이광수
722,인크레더블 2,8.0,"['애니메이션', '액션', '어드벤처']",브래드 버드,"['크레이그 T. 넬슨', '홀리 헌터', '사라 보웰', '헉 밀너', '사무엘 L. 잭슨']",애니메이션 액션 어드벤처,브래드버드,크레이그T.넬슨 홀리헌터 사라보웰 헉밀너 사무엘L.잭슨
723,서치,8.3,"['미스터리', '스릴러', '드라마']",아니시 샤간티,"['존 조', '데브라 메싱']",미스터리 스릴러 드라마,아니시샤간티,존조 데브라메싱
724,너의 결혼식,7.4,"['로맨스', '멜로']",이석근,"['박보영', '김영광']",로맨스 멜로,이석근,박보영 김영광
725,곤지암,4.9,"['공포', '미스터리']",정범식,"['위하준', '박지현', '오아연', '문예원', '박성훈', '이승욱', '유제윤']",공포 미스터리,정범식,위하준 박지현 오아연 문예원 박성훈 이승욱 유제윤
726,지금 만나러 갑니다,7.9,"['로맨스', '멜로']",이장훈,"['소지섭', '손예진']",로맨스 멜로,이장훈,소지섭 손예진
727,목격자,5.5,['스릴러'],조규장,"['이성민', '김상호', '진경', '곽시양']",스릴러,조규장,이성민 김상호 진경 곽시양
728,조선명탐정: 흡혈괴마의 비밀,6.6,"['코미디', '어드벤처', '시대극']",김석윤,"['김명민', '오달수', '김지원']",코미디 어드벤처 시대극,김석윤,김명민 오달수 김지원
729,신비한 동물들과 그린델왈드의 범죄,5.9,['판타지'],데이빗 예이츠,"['에디 레드메인', '캐서린 워터스톤', '앨리슨 수돌', '에즈라 밀러', '주드 로', '조니 뎁', '칼럼 터너']",판타지,데이빗예이츠,에디레드메인 캐서린워터스톤 앨리슨수돌 에즈라밀러 주드로 조니뎁 칼럼터너
730,메이즈 러너: 데스 큐어,7.1,"['액션', 'SF', '스릴러']",웨스 볼,"['딜런 오브라이언', '토마스 생스터', '카야 스코델라리오', '이기홍', '월튼 고긴스']",액션 SF 스릴러,웨스볼,딜런오브라이언 토마스생스터 카야스코델라리오 이기홍 월튼고긴스
731,맘마미아!2,7.8,['뮤지컬'],올 파커,"['아만다 사이프리드', '릴리 제임스', '메릴 스트립', '피어스 브로스넌', '제레미 어바인', '콜린 퍼스', '휴 스키너', '스텔란 스카스가드', '조쉬 딜란']",뮤지컬,올파커,아만다사이프리드 릴리제임스 메릴스트립 피어스브로스넌 제레미어바인 콜린퍼스 휴스키너 스텔란스카스가드 조쉬딜란
732,레디 플레이어 원,7.9,"['액션', 'SF', '어드벤처', '스릴러']",스티븐 스필버그,"['마크 라이런스', '사이먼 페그', '올리비아 쿡', '타이 쉐리던', '벤 멘델존', 'T.J. 밀러']",액션 SF 어드벤처 스릴러,스티븐스필버그,마크라이런스 사이먼페그 올리비아쿡 타이쉐리던 벤멘델존 T.J.밀러
733,명당,6.7,['시대극'],박희곤,"['조승우', '지성', '김성균', '문채원', '유재명', '박충선', '백윤식']",시대극,박희곤,조승우 지성 김성균 문채원 유재명 박충선 백윤식
734,협상,7.1,['범죄'],이종석,"['손예진', '현빈']",범죄,이종석,손예진 현빈
735,마약왕,5.5,"['범죄', '드라마']",우민호,"['송강호', '조정석', '배두나']",범죄 드라마,우민호,송강호 조정석 배두나
736,쥬만지: 새로운 세계,7.4,"['액션', '어드벤처']",제이크 캐스단,"['드웨인 존슨', '케빈 하트', '잭 블랙', '카렌 길런']",액션 어드벤처,제이크캐스단,드웨인존슨 케빈하트 잭블랙 카렌길런
737,창궐,5.7,['액션'],김성훈,"['현빈', '장동건']",액션,김성훈,현빈 장동건
738,성난황소,6.4,['액션'],김민호,"['마동석', '송지효', '김성오']",액션,김민호,마동석 송지효 김성오
739,도어락,6.3,['스릴러'],이권,['공효진'],스릴러,이권,공효진
740,리틀 포레스트,8.3,['드라마'],임순례,"['김태리', '류준열', '문소리', '진기주']",드라마,임순례,김태리 류준열 문소리 진기주
741,골든슬럼버,5.2,"['범죄', '드라마']",노동석,"['강동원', '김의성', '한효주', '김성균', '김대명']",범죄 드라마,노동석,강동원 김의성 한효주 김성균 김대명
742,램페이지,6.7,"['액션', '어드벤처', 'SF']",브래드 페이튼,"['드웨인 존슨', '제프리 딘 모건', '조 맹가니엘로']",액션 어드벤처 SF,브래드페이튼,드웨인존슨 제프리딘모건 조맹가니엘로
743,궁합,6.5,"['코미디', '드라마']",홍창표,"['심은경', '이승기']",코미디 드라마,홍창표,심은경 이승기
744,오션스8,6.8,"['범죄', '액션']",게리 로스,"['산드라 블록', '케이트 블란쳇', '앤 해서웨이', '민디 캘링', '사라 폴슨', '아콰피나', '리한나', '헬레나 본햄 카터']",범죄 액션,게리로스,산드라블록 케이트블란쳇 앤해서웨이 민디캘링 사라폴슨 아콰피나 리한나 헬레나본햄카터
745,사라진 밤,6.9,['스릴러'],이창희,"['김상경', '김강우', '김희애']",스릴러,이창희,김상경 김강우 김희애
746,스윙키즈,8.5,['드라마'],강형철,"['디오', '자레드 그라임스', '박혜수', '오정세', '김민호']",드라마,강형철,디오 자레드그라임스 박혜수 오정세 김민호
747,바람 바람 바람,6.1,['코미디'],이병헌,"['이성민', '신하균', '송지효', '이엘']",코미디,이병헌,이성민 신하균 송지효 이엘
748,PMC: 더 벙커,5.3,['액션'],김병우,"['하정우', '이선균']",액션,김병우,하정우 이선균
749,범블비,7.5,"['액션', '어드벤처', 'SF']",트래비스 나이트,"['헤일리 스테인펠드', '존 시나']",액션 어드벤처 SF,트래비스나이트,헤일리스테인펠드 존시나
750,극한직업,7.4,['코미디'],이병헌,"['류승룡', '이하늬', '진선규', '이동휘', '공명']",코미디,이병헌,류승룡 이하늬 진선규 이동휘 공명
751,어벤져스: 엔드게임,7.8,"['액션', 'SF']",안소니 루소,"['로버트 다우니 주니어', '크리스 에반스', '마크 러팔로', '크리스 헴스워스', '스칼렛 요한슨', '제레미 레너', '폴 러드', '브리 라슨', '조슈 브롤린']",액션 SF,안소니루소,로버트다우니주니어 크리스에반스 마크러팔로 크리스헴스워스 스칼렛요한슨 제레미레너 폴러드 브리라슨 조슈브롤린
752,겨울왕국 2,7.4,"['애니메이션', '어드벤처', '코미디', '판타지', '뮤지컬']",크리스 벅,"['박지윤', '소연', '이장원', '장민혁', '크리스틴 벨', '이디나 멘젤', '조시 게드', '조나단 그로프']",애니메이션 어드벤처 코미디 판타지 뮤지컬,크리스벅,박지윤 소연 이장원 장민혁 크리스틴벨 이디나멘젤 조시게드 조나단그로프
753,알라딘,8.4,"['어드벤처', '판타지', '가족', '뮤지컬']",가이 리치,"['메나 마수드', '윌 스미스', '나오미 스콧']",어드벤처 판타지 가족 뮤지컬,가이리치,메나마수드 윌스미스 나오미스콧
754,기생충,7.9,['드라마'],봉준호,"['송강호', '이선균', '조여정', '최우식', '박소담', '이정은', '장혜진']",드라마,봉준호,송강호 이선균 조여정 최우식 박소담 이정은 장혜진
755,엑시트,7.7,"['코미디', '액션']",이상근,"['조정석', '윤아']",코미디 액션,이상근,조정석 윤아
756,스파이더맨: 파 프롬 홈,6.5,"['액션', '어드벤처', '코미디', 'SF']",존 왓츠,['톰 홀랜드'],액션 어드벤처 코미디 SF,존왓츠,톰홀랜드
757,백두산,6.5,"['드라마', '액션']",이해준,"['이병헌', '하정우', '마동석', '전혜진', '수지']",드라마 액션,이해준,이병헌 하정우 마동석 전혜진 수지
758,캡틴 마블,6.3,"['액션', '어드벤처', 'SF']",애너 보든,['브리 라슨'],액션 어드벤처 SF,애너보든,브리라슨
759,조커,7.7,['스릴러'],토드 필립스,['호아킨 피닉스'],스릴러,토드필립스,호아킨피닉스
760,봉오동 전투,8.8,"['액션', '드라마']",원신연,"['유해진', '류준열', '조우진']",액션 드라마,원신연,유해진 류준열 조우진
761,라이온 킹,7.4,"['어드벤처', '드라마', '가족']",존 파브로,"['도널드 글로버', '비욘세', '제임스 얼 존스', '치웨텔 에지오포']",어드벤처 드라마 가족,존파브로,도널드글로버 비욘세 제임스얼존스 치웨텔에지오포
762,나쁜 녀석들: 더 무비,6.3,"['범죄', '액션']",손용호,"['마동석', '김상중', '김아중', '장기용']",범죄 액션,손용호,마동석 김상중 김아중 장기용
763,82년생 김지영,6.7,['드라마'],김도영,"['정유미', '공유']",드라마,김도영,정유미 공유
764,분노의 질주: 홉스&쇼,7.0,['액션'],데이비드 레이치,"['드웨인 존슨', '제이슨 스타뎀']",액션,데이비드레이치,드웨인존슨 제이슨스타뎀
765,토이 스토리 4,8.6,"['애니메이션', '어드벤처', '코미디']",조시 쿨리,"['톰 행크스', '팀 알렌', '애니 포츠', '김승준', '박일', '소연']",애니메이션 어드벤처 코미디,조시쿨리,톰행크스 팀알렌 애니포츠 김승준 박일 소연
766,돈,6.7,['범죄'],박누리,"['류준열', '유지태', '조우진']",범죄,박누리,류준열 유지태 조우진
767,악인전,7.4,"['범죄', '액션']",이원태,"['마동석', '김무열', '김성규']",범죄 액션,이원태,마동석 김무열 김성규
768,가장 보통의 연애,7.4,"['로맨스', '멜로']",김한결,"['김래원', '공효진']",로맨스 멜로,김한결,김래원 공효진
769,말모이,9.1,['드라마'],엄유나,"['유해진', '윤계상']",드라마,엄유나,유해진 윤계상
770,증인,9.3,['드라마'],이한,"['정우성', '김향기']",드라마,이한,정우성 김향기
771,시동,7.6,['드라마'],최정열,"['마동석', '박정민', '정해인', '염정아', '최성은']",드라마,최정열,마동석 박정민 정해인 염정아 최성은
772,블랙머니,9.1,"['범죄', '드라마']",정지영,"['조진웅', '이하늬']",범죄 드라마,정지영,조진웅 이하늬
773,터미네이터: 다크 페이트,7.8,"['액션', '어드벤처', 'SF']",팀 밀러,"['맥켄지 데이비스', '아놀드 슈왈제네거', '린다 해밀턴', '나탈리아 레예스', '가브리엘 루나']",액션 어드벤처 SF,팀밀러,맥켄지데이비스 아놀드슈왈제네거 린다해밀턴 나탈리아레예스 가브리엘루나
774,사바하,7.2,"['미스터리', '스릴러']",장재현,"['이정재', '박정민', '이재인', '유지태']",미스터리 스릴러,장재현,이정재 박정민 이재인 유지태
775,타짜: 원 아이드 잭,5.2,"['범죄', '드라마']",권오광,"['박정민', '류승범', '최유화']",범죄 드라마,권오광,박정민 류승범 최유화
776,신의 한 수: 귀수편,6.8,"['범죄', '액션']",리건,"['권상우', '김희원', '김성균', '허성태', '우도환', '정인겸', '원현준']",범죄 액션,리건,권상우 김희원 김성균 허성태 우도환 정인겸 원현준
777,알리타: 배틀 엔젤,8.3,"['액션', '어드벤처', '로맨스', '멜로', '스릴러', 'SF']",로버트 로드리게즈,['로사 살라자르'],액션 어드벤처 로맨스 멜로 스릴러 SF,로버트로드리게즈,로사살라자르
778,내안의 그놈,7.8,['코미디'],강효진,"['진영', '박성웅', '라미란']",코미디,강효진,진영 박성웅 라미란
779,뺑반,6.2,"['범죄', '액션']",한준희,"['공효진', '류준열', '조정석']",범죄 액션,한준희,공효진 류준열 조정석
780,변신,7.5,"['공포', '스릴러']",김홍선,"['배성우', '성동일']",공포 스릴러,김홍선,배성우 성동일
781,주먹왕 랄프 2: 인터넷 속으로,7.6,"['애니메이션', '어드벤처', '코미디', '판타지']",필 존스턴,"['존 C. 라일리', '사라 실버맨', '권창욱', '소연']",애니메이션 어드벤처 코미디 판타지,필존스턴,존C.라일리 사라실버맨 권창욱 소연
782,걸캅스,6.5,"['코미디', '액션']",정다원,"['라미란', '이성경']",코미디 액션,정다원,라미란 이성경
783,사자,6.9,"['미스터리', '액션', '판타지', '공포']",김주환,"['박서준', '안성기', '우도환']",미스터리 액션 판타지 공포,김주환,박서준 안성기 우도환
784,아쿠아맨,7.5,['액션'],제임스 완,"['제이슨 모모아', '앰버 허드', '니콜 키드먼', '패트릭 윌슨']",액션,제임스완,제이슨모모아 앰버허드 니콜키드먼 패트릭윌슨
785,드래곤 길들이기 3,8.4,"['애니메이션', '어드벤처']",딘 데블로이스,"['제이 바루첼', '아메리카 페레라', '케이트 블란쳇', '키트 해링턴', '크레이그 퍼거슨', 'F. 머레이 아브라함']",애니메이션 어드벤처,딘데블로이스,제이바루첼 아메리카페레라 케이트블란쳇 키트해링턴 크레이그퍼거슨 F.머레이아브라함
786,나의 특별한 형제,8.6,"['드라마', '코미디']",육상효,"['신하균', '이광수', '이솜']",드라마 코미디,육상효,신하균 이광수 이솜
787,어스,5.7,"['공포', '스릴러']",조던 필,"['루피타 뇽오', '윈스턴 듀크', '샤하디 라이트 조셉', '에반 알렉스']",공포 스릴러,조던필,루피타뇽오 윈스턴듀크 샤하디라이트조셉 에반알렉스
788,말레피센트 2,7.5,"['어드벤처', '가족', '판타지']",요아킴 뢰닝,"['안젤리나 졸리', '미셸 파이퍼', '엘르 패닝']",어드벤처 가족 판타지,요아킴뢰닝,안젤리나졸리 미셸파이퍼 엘르패닝
789,유열의 음악앨범,6.9,"['로맨스', '멜로', '드라마']",정지우,"['김고은', '정해인']",로맨스 멜로 드라마,정지우,김고은 정해인
790,퍼펙트맨,6.9,"['코미디', '드라마']",용수,"['설경구', '조진웅']",코미디 드라마,용수,설경구 조진웅
791,포드 V 페라리,8.7,"['액션', '드라마']",제임스 맨골드,"['맷 데이먼', '크리스찬 베일']",액션 드라마,제임스맨골드,맷데이먼 크리스찬베일
792,생일,8.5,['드라마'],이종언,"['설경구', '전도연']",드라마,이종언,설경구 전도연
793,"힘을 내요, 미스터 리",7.6,"['코미디', '드라마']",이계벽,"['차승원', '엄채영', '박해준']",코미디 드라마,이계벽,차승원 엄채영 박해준
794,항거:유관순 이야기,8.9,['드라마'],조민호,"['고아성', '김새벽', '김예은', '정하담', '류경수']",드라마,조민호,고아성 김새벽 김예은 정하담 류경수
795,장사리 : 잊혀진 영웅들,7.4,['전쟁'],곽경택,"['김명민', '최민호', '김성철', '김인권', '곽시양']",전쟁,곽경택,김명민 최민호 김성철 김인권 곽시양
796,마이펫의 이중생활 2,7.9,"['애니메이션', '어드벤처', '코미디', '가족']",크리스 리노드,"['패튼 오스왈트', '케빈 하트', '에릭 스톤스트릿']",애니메이션 어드벤처 코미디 가족,크리스리노드,패튼오스왈트 케빈하트 에릭스톤스트릿
797,롱 리브 더 킹: 목포 영웅,7.6,"['액션', '드라마']",강윤성,['김래원'],액션 드라마,강윤성,김래원
798,쥬만지: 넥스트 레벨,5.7,"['액션', '어드벤처']",제이크 캐스단,"['드웨인 존슨', '잭 블랙', '케빈 하트', '카렌 길런']",액션 어드벤처,제이크캐스단,드웨인존슨 잭블랙 케빈하트 카렌길런
799,존 윅 3: 파라벨룸,7.0,"['액션', '범죄', '스릴러']",채드 스타헬스키,['키아누 리브스'],액션 범죄 스릴러,채드스타헬스키,키아누리브스
800,남산의 부장들,8.4,['드라마'],우민호,"['이병헌', '이성민', '곽도원', '이희준', '김소진']",드라마,우민호,이병헌 이성민 곽도원 이희준 김소진
801,히트맨,6.4,"['코미디', '액션']",최원섭,"['권상우', '정준호', '황우슬혜', '이이경', '이지원']",코미디 액션,최원섭,권상우 정준호 황우슬혜 이이경 이지원
802,백두산,6.4,"['드라마', '액션']",이해준,"['이병헌', '하정우', '마동석', '전혜진', '수지']",드라마 액션,이해준,이병헌 하정우 마동석 전혜진 수지
803,닥터 두리틀,6.6,"['코미디', '가족', '판타지']",스티븐 개건,['로버트 다우니 주니어'],코미디 가족 판타지,스티븐개건,로버트다우니주니어
804,정직한 후보,7.6,['코미디'],장유정,"['라미란', '김무열', '나문희', '윤경호']",코미디,장유정,라미란 김무열 나문희 윤경호
805,클로젯,7.1,"['미스터리', '드라마']",김광빈,"['하정우', '김남길', '허율', '김시아']",미스터리 드라마,김광빈,하정우 김남길 허율 김시아
806,해치지않아,6.4,['코미디'],손재곤,"['안재홍', '강소라', '박영규', '김성오', '전여빈', '박혁권']",코미디,손재곤,안재홍 강소라 박영규 김성오 전여빈 박혁권
807,천문: 하늘에 묻는다,8.3,['시대극'],허진호,"['최민식', '한석규']",시대극,허진호,최민식 한석규
808,미드웨이,7.7,"['액션', '드라마', '전쟁']",롤랜드 에머리히,"['에드 스크레인', '패트릭 윌슨', '우디 해럴슨', '루크 에반스']",액션 드라마 전쟁,롤랜드에머리히,에드스크레인 패트릭윌슨 우디해럴슨 루크에반스
809,시동,7.5,['드라마'],최정열,"['마동석', '박정민', '정해인', '염정아', '최성은']",드라마,최정열,마동석 박정민 정해인 염정아 최성은
810,작은 아씨들,7.6,"['드라마', '로맨스', '멜로']",그레타 거윅,"['시얼샤 로넌', '엠마 왓슨', '플로렌스 퓨', '엘리자 스캔런', '로라 던', '티모시 샬라메', '메릴 스트립']",드라마 로맨스 멜로,그레타거윅,시얼샤로넌 엠마왓슨 플로렌스퓨 엘리자스캔런 로라던 티모시샬라메 메릴스트립
811,미스터 주: 사라진 VIP,5.1,"['코미디', '드라마']",김태윤,"['이성민', '김서형', '배정남', '신하균']",코미디 드라마,김태윤,이성민 김서형 배정남 신하균
812,나쁜 녀석들: 포에버,6.5,['액션'],아딜 엘 아르비,"['윌 스미스', '마틴 로렌스']",액션,아딜엘아르비,윌스미스 마틴로렌스
813,스타워즈: 라이즈 오브 스카이워커,6.9,"['액션', '어드벤처', '판타지', 'SF']",J.J. 에이브람스,"['데이지 리들리', '존 보예가', '오스카 아이삭', '아담 드라이버']",액션 어드벤처 판타지 SF,J.J.에이브람스,데이지리들리 존보예가 오스카아이삭 아담드라이버
814,지푸라기라도 잡고 싶은 짐승들,7.0,"['범죄', '스릴러']",김용훈,"['전도연', '정우성', '배성우', '윤여정', '신현빈', '정만식', '진경', '정가람', '김준한']",범죄 스릴러,김용훈,전도연 정우성 배성우 윤여정 신현빈 정만식 진경 정가람 김준한
815,스파이 지니어스 ,8.6,"['애니메이션', '액션', '어드벤처', '코미디', '가족', 'SF']",닉 브루노,"['윌 스미스', '톰 홀랜드', '벤 멘델존']",애니메이션 액션 어드벤처 코미디 가족 SF,닉브루노,윌스미스 톰홀랜드 벤멘델존
816,1917,7.3,"['전쟁', '드라마']",샘 멘데스,"['조지 맥케이', '딘 찰스 채프먼']",전쟁 드라마,샘멘데스,조지맥케이 딘찰스채프먼
817,버즈 오브 프레이(할리 퀸의 황홀한 해방),6.9,"['액션', '어드벤처', '범죄']",캐시 얀,"['마고 로비', '메리 엘리자베스 윈스티드', '저니 스몰렛', '로지 페레즈', '엘라 제이 바스코', '이완 맥그리거', '크리스 메시나']",액션 어드벤처 범죄,캐시얀,마고로비 메리엘리자베스윈스티드 저니스몰렛 로지페레즈 엘라제이바스코 이완맥그리거 크리스메시나
818,겨울왕국 2,7.4,"['애니메이션', '어드벤처', '코미디', '판타지', '뮤지컬']",크리스 벅,"['박지윤', '소연', '이장원', '장민혁', '크리스틴 벨', '이디나 멘젤', '조시 게드', '조나단 그로프']",애니메이션 어드벤처 코미디 판타지 뮤지컬,크리스벅,박지윤 소연 이장원 장민혁 크리스틴벨 이디나멘젤 조시게드 조나단그로프
819,신비아파트 극장판 하늘도깨비 대 요르문간드,7.8,['애니메이션'],변영규,"['조현정', '양정화', '김영은', '김채하', '신용우', '김현지']",애니메이션,변영규,조현정 양정화 김영은 김채하 신용우 김현지
820,기생충,7.9,['드라마'],봉준호,"['송강호', '이선균', '조여정', '최우식', '박소담', '이정은', '장혜진']",드라마,봉준호,송강호 이선균 조여정 최우식 박소담 이정은 장혜진
821,포드 V 페라리,8.6,"['액션', '드라마']",제임스 맨골드,"['맷 데이먼', '크리스찬 베일']",액션 드라마,제임스맨골드,맷데이먼 크리스찬베일
822,인비저블맨,7.0,['공포'],리 워넬,['엘리자베스 모스'],공포,리워넬,엘리자베스모스
823,나이브스 아웃,8.1,"['미스터리', '스릴러']",라이언 존슨,"['다니엘 크레이그', '크리스 에반스', '아나 드 아르마스']",미스터리 스릴러,라이언존슨,다니엘크레이그 크리스에반스 아나드아르마스
824,타오르는 여인의 초상,8.3,"['로맨스', '멜로', '드라마']",셀린 샴마,"['아델 아에넬', '노에미 메랑', '루아나 바야미', '발레리아 골리노']",로맨스 멜로 드라마,셀린샴마,아델아에넬 노에미메랑 루아나바야미 발레리아골리노
825,수퍼 소닉,6.8,"['애니메이션', '액션', '어드벤처', '판타지', 'SF']",제프 파울러,"['짐 캐리', '제임스 마스던', '벤 슈와츠']",애니메이션 액션 어드벤처 판타지 SF,제프파울러,짐캐리 제임스마스던 벤슈와츠
826,인셉션,8.7,"['SF', '액션']",크리스토퍼 놀란,"['레오나르도 디카프리오', '조셉 고든 레빗', '마리옹 꼬띠아르', '톰 하디', '엘렌 페이지', '와타나베 켄']",SF 액션,크리스토퍼놀란,레오나르도디카프리오 조셉고든레빗 마리옹꼬띠아르 톰하디 엘렌페이지 와타나베켄
827,조조 래빗,8.4,"['코미디', '드라마', '전쟁']",타이카 와이티티,"['로먼 그리핀 데이비스', '토마신 맥켄지', '타이카 와이티티', '스칼렛 요한슨']",코미디 드라마 전쟁,타이카와이티티,로먼그리핀데이비스 토마신맥켄지 타이카와이티티 스칼렛요한슨
828,21 브릿지: 테러 셧다운 ,7.5,"['액션', '범죄', '스릴러', '드라마']",브라이언 커크,['채드윅 보스만'],액션 범죄 스릴러 드라마,브라이언커크,채드윅보스만
829,극장판 미니특공대: 공룡왕 디노 ,7.6,['애니메이션'],이영준,"['신용우', '엄상현', '양정화', '이소영']",애니메이션,이영준,신용우 엄상현 양정화 이소영
830,프린스 코기,7.2,"['애니메이션', '코미디', '가족']",벤 스타센,['심규혁'],애니메이션 코미디 가족,벤스타센,심규혁
831,눈의 여왕4,8.0,"['애니메이션', '어드벤처', '가족', '판타지']",로버트 렌스,"['양정화', '박지윤', '임채헌']",애니메이션 어드벤처 가족 판타지,로버트렌스,양정화 박지윤 임채헌
832,젠틀맨,8.1,"['범죄', '액션']",가이 리치,"['매튜 맥커너히', '휴 그랜트', '콜린 파렐', '찰리 허냄']",범죄 액션,가이리치,매튜맥커너히 휴그랜트 콜린파렐 찰리허냄
833,파바로티,8.7,['다큐멘터리'],론 하워드,['루치아노 파바로티'],다큐멘터리,론하워드,루치아노파바로티
834,피아니스트의 전설,9.1,"['드라마', '로맨스', '멜로']",쥬세페 토르나토레,"['팀 로스', '프룻 테일러 빈스']",드라마 로맨스 멜로,쥬세페토르나토레,팀로스 프룻테일러빈스
835,해리포터와 아즈카반의 죄수,8.4,"['판타지', '어드벤처']",알폰소 쿠아론,"['다니엘 래드클리프', '엠마 왓슨', '루퍼트 그린트']",판타지 어드벤처,알폰소쿠아론,다니엘래드클리프 엠마왓슨 루퍼트그린트
836,페인 앤 글로리,7.6,['드라마'],페드로 알모도바르,"['페넬로페 크루즈', '안토니오 반데라스']",드라마,페드로알모도바르,페넬로페크루즈 안토니오반데라스
837,캣츠,5.6,"['뮤지컬', '드라마']",톰 후퍼,"['제니퍼 허드슨', '테일러 스위프트', '이드리스 엘바', '프란체스카 헤이워드', '주디 덴치', '이안 맥켈런', '제이슨 데룰로', '제임스 코든', '레벨 윌슨', '레이 윈스턴']",뮤지컬 드라마,톰후퍼,제니퍼허드슨 테일러스위프트 이드리스엘바 프란체스카헤이워드 주디덴치 이안맥켈런 제이슨데룰로 제임스코든 레벨윌슨 레이윈스턴
838,타발루가와 얼음공주,5.7,"['애니메이션', '가족']",스벤 운터발트 주니어,"['김혜성', '강은애']",애니메이션 가족,스벤운터발트주니어,김혜성 강은애
839,"하이, 젝시",7.0,['코미디'],존 루카스,"['애덤 드바인', '로즈 번']",코미디,존루카스,애덤드바인 로즈번
840,오즈의 마법사: 요술구두와 말하는 책,4.0,"['애니메이션', '코미디', '가족']",표도르 드미트리에프,"['김소희', '허성재', '석승훈']",애니메이션 코미디 가족,표도르드미트리에프,김소희 허성재 석승훈
841,하이큐!! 땅 VS 하늘,6.9,['애니메이션'],미츠나카 스스무,X,애니메이션,미츠나카스스무,X
842,극장판 원피스 스탬피드,7.6,"['애니메이션', '어드벤처', '액션', '판타지']",오오츠카 타카시,"['강수진', '한상혁', '정미숙', '김승준', '김소형', '타나카 마유미', '오카무라 아케미', '나카이 카즈야', '야마구치 캇페이']",애니메이션 어드벤처 액션 판타지,오오츠카타카시,강수진 한상혁 정미숙 김승준 김소형 타나카마유미 오카무라아케미 나카이카즈야 야마구치캇페이
843,"고흐, 영원의 문에서",8.2,['드라마'],줄리안 슈나벨,['윌렘 데포'],드라마,줄리안슈나벨,윌렘데포
844,울지마 톤즈 2 : 슈크란 바바,9.7,['다큐멘터리'],강성옥,['이태석'],다큐멘터리,강성옥,이태석
845,이 멋진 세계에 축복을! 붉은 전설,7.7,"['애니메이션', '액션', '코미디', '판타지']",칸자키 타카오미,"['후쿠시마 쥰', '아마미야 소라', '타카하시 리에', '카야노 아이']",애니메이션 액션 코미디 판타지,칸자키타카오미,후쿠시마쥰 아마미야소라 타카하시리에 카야노아이
846,사마에게,9.7,['다큐멘터리'],와드 알-카팁,X,다큐멘터리,와드알-카팁,X
847,핑크퐁 시네마 콘서트 : 우주대탐험,7.1,['애니메이션'],변희선,"['조경이', '김서영']",애니메이션,변희선,조경이 김서영
848,슈퍼 베어 ,6.6,"['액션', '어드벤처', '애니메이션']",왕치,"['김기두', '서반석', '이다은', '박성영']",액션 어드벤처 애니메이션,왕치,김기두 서반석 이다은 박성영
849,두 교황,9.1,['드라마'],페르난도 메이렐레스,"['조나단 프라이스', '안소니 홉킨스']",드라마,페르난도메이렐레스,조나단프라이스 안소니홉킨스
